Library Full Name,Library Number,Year,Ontario Library Service Region,Service Type,Mailing Address,Street Address,City/Town,Province,Postal Code,Web Site Address,No. Cardholders,English Print Titles Held,French Print Titles Held,Other Print Titles Held,Total Print Titles Held,English E-book and E-audio Titles,French E-book and E-audio Titles,Other E-book and E-audio Titles,Total E-book and E-audio Titles
Addington Highlands Twp,L0005,2019,Southern Ontario Library Service,Public or Union Library,3641 Flinton Rd. Box 72 ,3641 Flinton Rd. ,Flinton,Ontario,K0H1P0,www.addingtonhighlandspubliclibrary.ca,910,"11,343",25,0,"11,368",0,0,0,0
Adjala-TosorontioTwp,L0003,2019,Southern Ontario Library Service,Contracting Municipality,7855 Sideroad 30 R.R. #1 ,7855 Sideroad 30 R.R. #1 ,Alliston,Ontario,L9R1V1,www.adjtos.ca,0,0,0,0,0,0,0,0,0
Admaston/Bromley Twp,L0002,2019,Southern Ontario Library Service,Public or Union Library,Hwy 60 P O Box 130 ,5346 Highway 60 ,Douglas,Ontario,K0J1S0,http://www.admastonbromleylibrary.com,417,"9,185",77,0,"9,262","79,567",613,39,"80,219"
Ajax,L0032,2019,Southern Ontario Library Service,Public or Union Library,55 Harwood Avenue South ,55 Harwood Avenue South ,Ajax,Ontario,L1S2H8,ajaxlibrary.ca,"37,004","96,848","7,122","6,288","110,258","25,455",0,0,"25,455"
Alberton Twp,L1098,2019,Ontario Library Service - North,Contracting Municipality,3 Highway 611 South RR1B2 ,3 Highway 611 South RR1B2 ,Township of Alberton,Ontario,P9A3M2,http://www.alberton.ca/,0,0,0,0,0,0,0,0,0
Alderville FN,L0390,2019,Southern Ontario Library Service,First Nations Library,10836 County Road 2 P.O. Box 46 ,10836 County Road 2 P.O. Box 46 ,Roseneath,Ontario,K0K2X0,http://aldervillelearningcentre.com/index.php/library.html,190,"5,743",0,23,"5,766","79,423",613,39,"80,075"
Alfred & Plantagenet Twp,L0004,2019,Southern Ontario Library Service,Public or Union Library,C.P. 10 ,1963 rue de l'H¿tel de Ville C.P. 10 ,Lefaivre,Ontario,K0B1J0,www.alfred-plantagenet.ca,"2,048","10,365","29,447",0,"39,812","79,423","6,803",39,"86,265"
Algonquins of Pikwakanagan FN,L0391,2019,Southern Ontario Library Service,First Nations Library,1657 A Mishomis Inamo ,1657 A Mishomis Inamo ,Golden Lake,Ontario,K0J1X0,http://algonquinsofpikwakanagan.com/library.php,67,"3,256",0,0,"3,256",0,0,0,0
Alnwick/Haldimand Twp,L0487,2019,Southern Ontario Library Service,Public or Union Library,2363 County Road 23 ,,Grafton,Ontario,K0K2G0,www.alnwickhaldimand.ca,642,"17,766",0,0,"17,766","84,282",613,39,"84,934"
Amaranth Twp,L0012,2019,Southern Ontario Library Service,Contracting Municipality,374028 6th Line ,374028 6th Line ,Amaranth,Ontario,L9W0M6,www.amaranth-eastgary.ca,0,0,0,0,0,0,0,0,0
Archipelago Twp,L0345,2019,Ontario Library Service - North,Contracting Municipality,9 James Street ,,Parry Sound,Ontario,P2A1T4,www.thearchipelago.on.ca,0,0,0,0,0,0,0,0,0
Armstrong Twp,L0013,2019,Ontario Library Service - North,Public or Union Library,C.P. 39 ,35 10th Street ,Earlton,Ontario,P0J1E0,http://www.olsn.ca/armstrong,258,"4,890","4,494",0,"9,384",0,0,0,0
Arnprior,L0014,2019,Southern Ontario Library Service,Public or Union Library,21 Madawaska Street ,21 Madawaska Street ,Arnprior,Ontario,K7S1R6,www.arnpriorlibrary.ca,"5,104","49,297",870,0,"50,167","79,423",613,39,"80,075"
Asphodel-Norwood,L0016,2019,Southern Ontario Library Service,Public or Union Library,- P.O. Box 100 ,2363 County Road 45 ,Norwood,Ontario,K0L2V0,www.anpl.org,606,"13,566",15,0,"13,581","79,423",613,39,"80,075"
Assiginack Twp,L0017,2019,Ontario Library Service - North,Public or Union Library,Manitowaning Box 280 ,25A Spragge St. ,Manitoulin Island,Ontario,P0P1N0,www.assiginacklibrary.org,759,"12,537",0,0,"12,537","79,423",613,39,"80,075"
Athens Twp,L0018,2019,Southern Ontario Library Service,Public or Union Library,P.O. Box 309 ,5 Central Street ,Athens,Ontario,K0E1B0,www.athenslibrary.ca,412,"8,446",72,0,"8,518","79,423",613,39,"80,075"
Atikameksheng Anishnawbek Band No. 6 FN,L0424,2019,Ontario Library Service - North,First Nations Library,25 reserve road ,212 Maaini Street ,Whitefish First Nation,Ontario,P0M2M0,http://www.wlfn.com,500,"1,500",0,0,"1,500",0,0,0,0
Atikokan,L0011,2019,Ontario Library Service - North,Public or Union Library,214 Skyes St. ,214 Sykes St. ,Atikokan,Ontario,P0T1C0,www.aplibrary.org,"1,283","32,572",217,0,"32,789","79,423",613,39,"80,075"
Augusta Twp,L0010,2019,Southern Ontario Library Service,Public or Union Library,R.R. #2 ,4500 County Road 15 ,Brockville,Ontario,K6V5T2,augustalibrary.com,"2,544","19,593",295,0,"19,888","79,423",613,39,"80,075"
Aundeck-Omni-Kaning FN,L1035,2019,Ontario Library Service - North,First Nations Library,P.O. Box 21  RR #1 ,13 Hill Street ,Little Current,Ontario,P0P1K0,,41,998,0,0,998,"82,191",619,41,"82,851"
Aurora,L0033,2019,Southern Ontario Library Service,Public or Union Library,15145 Yonge Street ,Yonge Street ,Aurora,Ontario,L4G1M1,www.aurorapl.ca,"30,625","101,706","4,504","1,656","107,866","230,794","2,964","1,448","235,206"
Aweres LSB,L0488,2019,Ontario Library Service - North,Contracting LSB,399 A Hwy 17 N ,399 A Hwy 17 N ,Aweres Twp.,Ontario,P6A5K7,localservicesboardofaweres@shaw.ca,0,0,0,0,0,0,0,0,0
Baldwin Twp,L0061,2019,Ontario Library Service - North,Contracting Municipality,P.O. Box 7095 ,11 Spooner St ,McKerrow,Ontario,P0P1M0,www.townshipofbaldwin.ca,0,0,0,0,0,0,0,0,0
Bancroft Town,L0062,2019,Southern Ontario Library Service,Public or Union Library,P.O. Box 127 ,14 Flint Street ,Bancroft,Ontario,K0L1C0,bancroftlibrary@bellnet.ca,"1,429","17,533",0,0,"17,533","79,423",613,39,"80,075"
Barrie,L0043,2019,Southern Ontario Library Service,Public or Union Library,60 Worsley St ,48 Dean Ave ,Barrie,Ontario,L4N0C2,library.barrie.ca,"37,425","130,128","9,242","3,403","142,773","14,324","6,193",358,"20,875"
Beausoleil First Nation Public Library,L0393,2019,Southern Ontario Library Service,First Nations Library,150 Mkade Kegwin MIIkan ,150 Mkade Kegwin MIIkan ,Christian Island,Ontario,L9M0A9,http://www.olsn.ca/bfnlibrary,377,"6,523",0,365,"6,888",0,0,0,0
Beckwith Twp,L0035,2019,Southern Ontario Library Service,Contracting Municipality,1702 9th Line Beckwith R.R.#2 ,1702 9th Line Beckwith R.R.#2 ,Carleton Place,Ontario,K7C3P2,www.twp.beckwith.on.ca,0,0,0,0,0,0,0,0,0
Belleville,L0081,2019,Southern Ontario Library Service,Public or Union Library,254 Pinnacle Street ,,Belleville,Ontario,K8N3B1,www.bellevillelibrary.com,"21,058","61,686","1,229",388,"63,303","79,423",613,39,"80,075"
Big Grassy FN,L0394,2019,Ontario Library Service - North,First Nations Library,P.O. Box 453 ,513 Beach Rd. ,Morson,Ontario,P0W1J0,www.biggrassy.ca/library,260,"9,200",0,0,"9,200",0,0,0,0
Biigtigong Nishnaabeg,L0456,2019,Ontario Library Service - North,First Nations Library,P. O. Box 216 ,21 Rabbit Drive ,Heron Bay,Ontario,P0T1R0,,85,"1,300",0,36,"1,336",0,0,0,0
Billings Twp,L0082,2019,Ontario Library Service - North,Public or Union Library,18 Upper Street P.O. Box 37 ,18 Upper Street P.O. Box 37 ,Kagawong,Ontario,P0P1J0,www.olsn.ca/billingslibrary,252,"6,187",0,0,"6,187","79,423",613,39,"80,075"
Bkejwanong FN,L0462,2019,Southern Ontario Library Service,First Nations Library,Walpole Island First Nation R.R. #3 ,136 Tecumseh Road ,Wallaceburg,Ontario,N8A4K9,www.bkejwanonglibrary.ca,657,"12,340",0,0,"12,340",0,0,0,0
Black River-Matheson Twp,L0083,2019,Ontario Library Service - North,Public or Union Library,P.O. Box 450 ,352 Second Street ,Matheson,Ontario,P0K1N0,,"1,031","16,026",879,0,"16,905",40,0,0,40
Blind River,L0429,2019,Ontario Library Service - North,Public or Union Library,8 Woodward Avenue P.O. Box 880 ,8 Woodward Avenue ,Blind River,Ontario,P0R1B0,http://www.olsn.ca/blindriverlibrary/,903,"15,073","2,850",0,"17,923","79,423",613,39,"80,075"
Bonfield,L0084,2019,Ontario Library Service - North,Public or Union Library,365 Highway 531 ,365 Highway 531 ,Bonfield,Ontario,P0H1E0,www.olsn.ca/bonfield,525,"10,108",957,0,"11,065","79,423",613,39,"80,075"
Bonnechere Union,L0080,2019,Southern Ontario Library Service,Public or Union Library,74 A Maple Street P.O. Box 39 ,74 A Maple Street ,Eganville,Ontario,K0J1T0,www.bonnechereupl.com,"1,796","11,357",186,0,"11,543","79,423",613,39,"80,075"
Bracebridge,L0070,2019,Southern Ontario Library Service,Public or Union Library,94 Manitoba Street ,94 Manitoba Street ,Bracebridge,Ontario,P1L2B5,www.bracebridge.library.on.ca,"7,663","30,911",485,0,"31,396","82,320",667,144,"83,131"
Bradford West Gwillimbury Town,L0086,2019,Southern Ontario Library Service,Public or Union Library,425 Holland Street West ,425 Holland Street West ,Bradford,Ontario,L3Z0J2,www.bradford.library.on.ca,"24,164","78,356","3,078","2,511","83,945","34,233",146,375,"34,754"
Brampton,L0041,2019,Southern Ontario Library Service,Public or Union Library,65 Queen Street East ,,Brampton,Ontario,L6W3L6,www.bramptonlibrary.ca,"149,657","144,446","7,060","11,568","163,074","209,668","6,810",171,"216,649"
Brant County,L0040,2019,Southern Ontario Library Service,Public or Union Library,12 William Street ,12 William Street ,Paris,Ontario,N3L1K7,www.brantlibrary.ca,"13,067","61,947",810,0,"62,757","3,769",0,0,"3,769"
Brantford,L0039,2019,Southern Ontario Library Service,Public or Union Library,173 Colborne Street ,,Brantford,Ontario,N3T2G8,brantford.library.on.ca,"17,340","132,623","1,697","2,637","136,957","22,788",0,0,"22,788"
Brighton Public Library Board,L0466,2019,Southern Ontario Library Service,Public or Union Library,35 Alice St P.O. Box 129 ,35 Alice Street ,Brighton,Ontario,K0K1H0,www.brighton.library.on.ca,"2,606","26,050",145,22,"26,217","79,547",613,39,"80,199"
Britt Area,L0322,2019,Ontario Library Service - North,LSB Library,P.O. Box 2 ,841 Riverside Drive ,Britt,Ontario,P0G1A0,britt.lib@hotmail.com,213,"8,069",43,0,"8,112",90,0,0,90
Brock Twp,L0038,2019,Southern Ontario Library Service,Public or Union Library,P.O. Box 310 ,401 Simcoe Street North ,Beaverton,Ontario,L0K1A0,www.brocklibraries.ca,"2,792","42,672",627,55,"43,354","80,277",613,39,"80,929"
Brockville,L0088,2019,Southern Ontario Library Service,Public or Union Library,P.O. Box 100 ,23 Buell Street ,Brockville,Ontario,K6V5T7,www.brockvillelibrary.ca,"7,035","33,402",620,28,"34,050","79,431",613,39,"80,083"
Bruce County,L0089,2019,Southern Ontario Library Service,"County, County co-operative or Regional Municipality Library",1243 Mackenzie Road ,,Town of Saugeen Shores,Ontario,N0H2C6,library.brucecounty.on.ca,"25,312","73,435",794,13,"74,242","83,937",613,39,"84,589"
Bruce Mines & Plummer Additional Union,L0044,2019,Ontario Library Service - North,Public or Union Library,33 Desbarats Street P.O. Box 249 ,33 Desbarats Street ,Bruce Mines,Ontario,P0R1C0,www.bruceminesandplummerlibrary.ca,652,"11,600",0,0,"11,600","79,423",613,39,"80,075"
"Brudenell, Lyndoch & Raglan Twp",L0078,2019,Southern Ontario Library Service,Contracting Municipality,42 Burnt Bridge Road   Box 40 ,,Palmer Rapids,Ontario,K0J2E0,,0,0,0,0,0,0,0,0,0
"Burk's Falls, Armour & Ryerson Union",L0090,2019,Ontario Library Service - North,Public or Union Library,Copeland Street P.O. Box 620 ,39 Copeland Street ,Burk's Falls,Ontario,P0A1C0,www.burksfallslibrary.com,791,"12,617",80,0,"12,697","79,423",613,39,"80,075"
Burlington,L0037,2019,Southern Ontario Library Service,Public or Union Library,2331 New Street ,,Burlington,Ontario,L7R1J4,www.bpl.on.ca,"106,661","164,869","4,624","5,026","174,519","22,246",271,323,"22,840"
Caledon,L0049,2019,Southern Ontario Library Service,Public or Union Library,6500 Old Church Road ,,Caledon East,Ontario,L7C0H3,www.caledon.library.on.ca,"14,017","59,979","2,333",460,"62,772","152,765","2,986","1,422","157,173"
Callander,L1036,2019,Ontario Library Service - North,Public or Union Library,30 Catherine Street P. O. Box 149 ,,Callander,Ontario,P0H1H0,mycallander.ca,"2,058","12,467",548,0,"13,015","79,423",613,39,"80,075"
"Calvin, Municipality of",L0092,2019,Ontario Library Service - North,Contracting Municipality,1355 Peddlers Dr. R.R. #2 ,1355 Peddlers Dr. R.R. #2 ,Mattawa,Ontario,P0H1V0,www.calvintownship.ca,0,0,0,0,0,0,0,0,0
Cambridge,L0104,2019,Southern Ontario Library Service,Public or Union Library,1 North Square ,1 North Square ,Cambridge,Ontario,N1S2K6,www.ideaexchange.org,"42,317","92,086","2,327",518,"94,931","38,260",207,311,"38,778"
Carleton Place,L0048,2019,Southern Ontario Library Service,Public or Union Library,101 Beckwith Street ,101 Beckwith Street ,Carleton Place,Ontario,K7C2T3,www.carletonplacelibrary.ca,"6,945","36,230","1,734",0,"37,964","79,599","6,803",0,"86,402"
Carling Twp,L0093,2019,Ontario Library Service - North,Contracting Municipality,2 West Carling Bay Rd RR1 ,29 Mary Street ,Parry Sound,Ontario,P2A1E3,www.carlingtownship.ca,0,0,0,0,0,0,0,0,0
Carlow/Mayo Public Library,L0106,2019,Southern Ontario Library Service,Public or Union Library,R.R. #4 ,124 Fort Stewart Road ,Bancroft,Ontario,K0L1C0,,350,"5,410",43,0,"5,453","79,423",613,39,"80,075"
Casey Twp,L0094,2019,Ontario Library Service - North,Contracting Municipality,P.O. Box 460 ,6 Lachapelle Street ,Belle Vallee,Ontario,P0J1A0,harlytwp@parolink.net,0,0,0,0,0,0,0,0,0
Casselman,L0107,2019,Southern Ontario Library Service,Public or Union Library,764 rue Br¿ beuf   C.P. 340 ,,Casselman,Ontario,K0A1M0,www.bibliocasselman.ca,250,0,0,0,0,"79,423",613,39,"80,075"
"Cavan Monaghan Public Library Board, Township of",L0045,2019,Southern Ontario Library Service,Public or Union Library,1 Dufferin Street ,,Millbrook,Ontario,L0A1G0,cavanmonaghanlibraries.ca,"2,500","24,161",559,5,"24,725","79,423",613,39,"80,075"
Central Manitoulin Twp,L0109,2019,Ontario Library Service - North,Public or Union Library,6020 Hwy 542 P.O. Box 210 ,6020 Hwy 542 ,Mindemoya,Ontario,P0P1S0,www.centralmanitoulin.ca,"2,528",289,8,0,297,0,0,0,0
Centre Hastings,L0110,2019,Southern Ontario Library Service,Public or Union Library,P.O. Box 6 ,20 Davidson Street ,Madoc,Ontario,K0K2K0,madocpubliclibrary.ca,"1,100","17,648",12,0,"17,660","79,423",613,39,"80,075"
Chamberlain Twp,L0103,2019,Ontario Library Service - North,Contracting Municipality,467501 Chamberlain Road 5 R.R. #3 ,467501 Chamberlain Road 5 ,Englehart,Ontario,P0J1H0,chamberlaintownship.com,0,0,0,0,0,0,0,0,0
Champlain Twp,L0108,2019,Southern Ontario Library Service,Public or Union Library,94 Main Street East P.O. Box 520 ,94 Main Street East ,Vankleek Hill,Ontario,K0B1R0,www.bc-cl.ca,"2,189","11,282","4,348",0,"15,630","79,486","6,803",39,"86,328"
Chapleau Twp,L0112,2019,Ontario Library Service - North,Public or Union Library,20 Pine West 910 ,20 Pine West 910 ,Chapleau,Ontario,P0M1K0,www.olsn.ca/chapleau,334,"17,089","3,366",0,"20,455","79,423","6,803",39,"86,265"
Chapple Twp,L0097,2019,Ontario Library Service - North,Contracting Municipality,54 Barwick Road P.O. Box 4 ,54 Barwick Road ,Barwick,Ontario,P0W1A0,www.chapple.on.ca,0,0,0,0,0,0,0,0,0
"Charlton and Dack, Municipality of",L1034,2019,Ontario Library Service - North,Contracting Municipality,287237 Sprucegrove Road ,287237 Sprucegrove Road ,Englehart,Ontario,P0J1H0,charltonanddack.com,0,0,0,0,0,0,0,0,0
Chatham-Kent,L0121,2019,Southern Ontario Library Service,Public or Union Library,120 Queen Street ,120 Queen Street ,Chatham,Ontario,N7M2G6,www.ckpl.ca,"33,223","130,595","3,427","2,045","136,067","99,469","6,803",39,"106,311"
Chippewas of Georgina Island FN,L0396,2019,Southern Ontario Library Service,First Nations Library,Box N-13 R.R. #2 ,830 Chief Joseph Snake Road ,Sutton West,Ontario,L0E1R0,,224,2,0,0,2,0,0,0,0
Chippewas of Kettle & Stony Point FN,L0397,2019,Southern Ontario Library Service,First Nations Library,6265 Indian Lane #5 ,6265 Indian Lane #5 ,Kettle and Stony Point,Ontario,N0N1J1,http://ksplibrary.com,327,"1,249",0,0,"1,249",0,0,0,0
Chippewas of Nawash FN,L0411,2019,Southern Ontario Library Service,First Nations Library,R.R. #5 ,,Wiarton,Ontario,N0H2T0,,100,50,0,0,50,2,0,0,2
Chippewas of Rama FN,L0398,2019,Southern Ontario Library Service,First Nations Library,5884 Rama Road Suite 200 ,6147 Rama Road ,Rama,Ontario,L3V6H6,,805,"14,885",0,0,"14,885",0,0,0,0
Clarence-Rockland,L0120,2019,Southern Ontario Library Service,Public or Union Library,2-1525 avenue du Parc ,,Rockland,Ontario,K4K1C3,www.clarence-rockland.ca,"9,328","19,584","23,675",0,"43,259","79,423","6,803",39,"86,265"
"Clarington, Municipality of",L0113,2019,Southern Ontario Library Service,Public or Union Library,163 Church Street ,,Bowmanville,Ontario,L1C1T7,http://www.clarington-library.on.ca,"38,320","71,191","3,923",90,"75,204","94,046",864,56,"94,966"
Clearview Twp,L0115,2019,Southern Ontario Library Service,Public or Union Library,201 Huron Street 160 ,201 Huron Street 160 ,Stayner,Ontario,L0M1S0,www.clearview.library.on.ca,"2,756","47,764",860,0,"48,624","13,255",146,375,"13,776"
Cobalt Twp,L0102,2019,Ontario Library Service - North,Public or Union Library,P.O. Box 170 ,30 Lang Street ,Cobalt,Ontario,P0J1C0,cobaltlibrary.com,350,"9,948",175,0,"10,123","79,423",613,39,"80,075"
Cobourg,L0116,2019,Southern Ontario Library Service,Public or Union Library,200 Ontario Street ,200 Ontario Street ,Cobourg,Ontario,K9A5P4,www.cobourg.library.on.ca,"10,020","49,356",830,96,"50,282","79,423",613,39,"80,075"
Cochrane Public Library Board,L0117,2019,Ontario Library Service - North,Public or Union Library,P.O. Box 700 ,178 4th Avenue ,Cochrane,Ontario,P0L1C0,www.olsn.ca/cochrane/,"2,016","22,878","5,579",0,"28,457","79,423",613,39,"80,075"
Coleman Twp,L0101,2019,Ontario Library Service - North,Contracting Municipality,R R # 1 ,937907 Marsh Bay Road ,Coleman Township,Ontario,P0J1C0,colemantownship.com,0,0,0,0,0,0,0,0,0
Collingwood,L0066,2019,Southern Ontario Library Service,Public or Union Library,55 St. Marie Street ,55 St. Marie Street ,Collingwood,Ontario,L9Y0W6,http://www.collingwoodpubliclibrary.ca,"9,160","47,906",447,2,"48,355","13,225",146,375,"13,746"
Cornwall,L0047,2019,Southern Ontario Library Service,Public or Union Library,Second Street East  P.O. Box 939 ,45 Second Street East ,Cornwall,Ontario,K6H1Y2,www.library.cornwall.on.ca,"11,737","81,861","26,871","2,710","111,442","569,883","7,574",0,"577,457"
Cramahe Twp,L0119,2019,Southern Ontario Library Service,Public or Union Library,6 King Street Box 190 ,6 King St. ,Colborne,Ontario,K0K1S0,www.cramahelibrary.ca ,"2,250","22,500",0,0,"22,500","79,423",613,39,"80,075"
Curve Lake FN,L0402,2019,Southern Ontario Library Service,First Nations Library,65 Chemong Street S. ,65 Chemong Street S. ,"Curve Lake,ON",Ontario,K0L1R0,http://clfnpubliclibrary.webs.com,270,"4,781",0,7,"4,788","77,998",0,0,"77,998"
Dawson LSB,L0483,2019,Ontario Library Service - North,Contracting LSB,P.O. Box 275 ,45 Front street ,Meldrum Bay,Ontario,P0P1R0,,0,0,0,0,0,0,0,0,0
Dawson Twp,L0130,2019,Ontario Library Service - North,Contracting Municipality,211 Fourth St P.O. Box 427 ,211 Fourth Street ,Rainy River,Ontario,P0W1L0,dawsontownship.weebly.com,0,0,0,0,0,0,0,0,0
Deep River,L0051,2019,Southern Ontario Library Service,Public or Union Library,55 Ridge Road P.O. Box 278 ,55 Ridge Road ,Deep River,Ontario,K0J1P0,www.deepriverlibrary.ca,"2,380","46,666",899,0,"47,565","79,423",613,39,"80,075"
Delaware FN,L0431,2019,Southern Ontario Library Service,First Nations Library,R.R. #3 ,Center Rd. ,Thamesville,Ontario,N0P2K0,,150,350,0,0,350,0,0,0,0
Deseronto,L0323,2019,Southern Ontario Library Service,Public or Union Library,P.O. Box 302 ,358 Main Street   P.O. Box 302 ,Deseronto,Ontario,K0K1X0,www.deserontopubliclibrary.ca,602,"24,293",53,0,"24,346","79,423",613,39,"80,075"
Dokis FN,L0403,2019,Ontario Library Service - North,First Nations Library,930 Main Street Box 3 ,930 Main Street Box 3 ,Dokis First Nation,Ontario,P0M2N1,www.dokisfirstnation.com,30,"3,139",0,0,"3,139",0,0,0,0
Dorion Twp,L0050,2019,Ontario Library Service - North,Public or Union Library,170 Dorion Loop Road ,170 Dorion Loop Road ,Dorion,Ontario,P0T1K0,www.dorionpubliclibrary.ca,192,"11,594",1,0,"11,595",0,0,0,0
Douro-Dummer Twp,L0136,2019,Southern Ontario Library Service,Public or Union Library,435 Douro 4th Line P.O. Box 23 ,435 4th Line Douro ,Douro,Ontario,K0L1S0,http://www.dourodummer.on.ca/library/,856,"14,319",100,0,"14,419","79,423",613,39,"80,075"
Dryden,L0138,2019,Ontario Library Service - North,Public or Union Library,36 Van Horne Avenue ,,Dryden,Ontario,P8N2A7,www.dryden.ca,"2,457","28,052",275,0,"28,327","79,423",613,39,"80,075"
Dubreuilville Twp,L0427,2019,Ontario Library Service - North,Public or Union Library,120 rue Magpie C.P. 39 ,120 rue Magpie ,Dubreuilville,Ontario,P0S1B0,www.dubreuilville.ca,365,155,723,0,878,"18,730",30,45,"18,805"
Ear Falls Twp,L0144,2019,Ontario Library Service - North,Public or Union Library,Willow P.O. Box 369 ,2 Willow Crescent ,Ear Falls,Ontario,P0V1T0,www.olsn.ca/earfallspl,239,"14,858",0,0,"14,858","79,423",613,39,"80,075"
East Ferris,L0145,2019,Ontario Library Service - North,Public or Union Library,1257 Village Road PO Box 160 ,1257 Village Road ,Astorville,Ontario,P0H1B0,www.efpl.ca,707,"10,274","3,547",0,"13,821","79,423",613,39,"80,075"
East Garafraxa Twp,L0146,2019,Southern Ontario Library Service,Contracting Municipality,191282 13th Line ,4 Amaranth Street ,Grand Valley,Ontario,L0N1G0,www.eastgary.ca,0,0,0,0,0,0,0,0,0
East Gwillimbury,L0147,2019,Southern Ontario Library Service,Public or Union Library,19513 Yonge Street P.O. Box 1609   ,,Holland Landing,Ontario,L9N1P2,www.egpl.ca,"8,009","35,415",835,97,"36,347","178,023","2,766","1,609","182,398"
East Hawkesbury Twp,L0028,2019,Southern Ontario Library Service,Contracting Municipality,C.P. 340 ,5151 County Road No. 14 ,St. Eugene,Ontario,K0B1P0,easthawkesbury.ca,0,0,0,0,0,0,0,0,0
Edwardsburgh/Cardinal Twp,L0467,2019,Southern Ontario Library Service,Public or Union Library,5 Henderson St. Box 130 ,5 Henderson Street ,Spencerville,Ontario,K0E1X0,www.edcarlibrary.ca,"1,879","29,899",0,0,"29,899","79,423",613,39,"80,075"
Elgin County,L0151,2019,Southern Ontario Library Service,"County, County co-operative or Regional Municipality Library",450 Sunset Drive ,450 Sunset Drive ,St. Thomas,Ontario,N5R5V1,www.elgincounty.ca/library,"10,925","95,065",324,178,"95,567","113,100","2,598",312,"116,010"
Elizabethtown - Kitley,L0469,2019,Southern Ontario Library Service,Public or Union Library,R.R. #2 ,6544 New Dublin Road ,Addison,Ontario,K0E1A0,,"1,203","29,678",140,0,"29,818","79,423",613,39,"80,075"
Elliot Lake,L0152,2019,Ontario Library Service - North,Public or Union Library,4-40 Hillside Drive South ,4-40 Hillside Drive South ,Elliot Lake,Ontario,P5A1M7,http://www.elliotlakelibrary.com/en/,"4,490","27,851","2,733",0,"30,584","79,493",613,39,"80,145"
Emo Twp,L0098,2019,Ontario Library Service - North,Public or Union Library,P.O. Box 490 ,JESSIE STREET ,Emo,Ontario,P0W1E0,www.emo.ca/library,"2,126","9,567",5,0,"9,572","79,423",613,39,"80,075"
Englehart,L0054,2019,Ontario Library Service - North,Public or Union Library,P.O. Box 809 ,71 Fourth Avenue ,Englehart,Ontario,P0J1H0,http://www.englehartpubliclibrary.ca,780,148,16,0,164,"69,714",607,40,"70,361"
Espanola,L0052,2019,Ontario Library Service - North,Public or Union Library,245 Avery Drive ,,Espanola,Ontario,P5E1S4,www.espanola.library.on.ca,"1,286","29,789","4,836",18,"34,643","79,423",613,39,"80,075"
Essa,L0387,2019,Southern Ontario Library Service,Public or Union Library,8505 County Road 10 Unit #1 ,,Angus,Ontario,L0M1B1,http://www.essa.library.on.ca,"5,870","33,994","1,644",0,"35,638","13,255",146,375,"13,776"
Essex County,L0153,2019,Southern Ontario Library Service,"County, County co-operative or Regional Municipality Library",360 Fairview Avenue West Suite 101 ,,Essex,Ontario,N8M1Y3,www.essexcountylibrary.ca,"53,507","158,753","4,533",484,"163,770","26,949",98,31,"27,078"
Evanturel Twp,L0150,2019,Ontario Library Service - North,Contracting Municipality,P.O. Box 209 ,245453 Highway 569 ,Englehart,Ontario,P0J1H0,www.evanturel.com,0,0,0,0,0,0,0,0,0
Faraday Twp,L0155,2019,Southern Ontario Library Service,Contracting Municipality,29860 Hwy 28 South  R. R. # 3 ,,Bancroft,Ontario,K0L1C0,www.faraday.ca,0,0,0,0,0,0,0,0,0
Fauquier-Strickland Twp,L0055,2019,Ontario Library Service - North,Public or Union Library,Centre Communautaire C.P. 100 ,25 chemin Grzela ,Fauquier,Ontario,P0L1G0,bibliofauquier.weebly.com,490,"3,331","9,974",0,"13,305",0,"6,190",0,"6,190"
Fort Erie,L0156,2019,Southern Ontario Library Service,Public or Union Library,136 Gilmore Road ,,Fort Erie,Ontario,L2A2M1,www.forterie.library.on.ca,"8,991","69,794",0,0,"69,794","81,578",613,39,"82,230"
Fort Frances,L0157,2019,Ontario Library Service - North,Public or Union Library,601 Reid Avenue ,601 Reid Avenue ,Fort Frances,Ontario,P9A0A2,http://ffpltc.ca/,"2,834","43,715",576,0,"44,291","80,903",613,39,"81,555"
French River,L0325,2019,Ontario Library Service - North,Public or Union Library,PO Box 130 ,15 Dollard Street ,Noelville,Ontario,P0M2N0,http://www.olsn.ca/frenchriverpl/index.html,654,"17,104","2,775",0,"19,879","79,423",613,39,"80,075"
Front of Yonge Twp,L0448,2019,Southern Ontario Library Service,Public or Union Library,P.O. Box  250 ,76 County Road 5 S. ,Mallorytown,Ontario,K0E1R0,www.frontofyonge.com/library,367,"9,356",153,0,"9,509","79,423",613,39,"80,075"
Gananoque,L0160,2019,Southern Ontario Library Service,Public or Union Library,100 Park Street ,100 Park Street ,Gananoque,Ontario,K7G2Y5,http://www.gananoquelibrary.ca/,"2,454","15,390",70,0,"15,460","79,423",613,39,"80,075"
Garden River FN,L0404,2019,Ontario Library Service - North,First Nations Library,48 Syrette Lake Road ,,Garden River,Ontario,P6A5K9,www.gardenriver.ca,10,"2,993",0,0,"2,993","8,421",203,331,"8,955"
Georgian Bay Twp,L0162,2019,Southern Ontario Library Service,Public or Union Library,2587 Honey Harbour Road P.O. Box 220 ,2587 Honey Harbour Road P.O. Box 220 ,Honey Harbour,Ontario,P0E1E0,http://www.gbpl.ca,"4,035","16,927",12,0,"16,939","79,423",613,39,"80,075"
Georgina,L0072,2019,Southern Ontario Library Service,Public or Union Library,90 Wexford Drive ,,Keswick,Ontario,L4P3P7,www.georginalibrary.ca,"16,227","64,065","1,608",134,"65,807","88,854",661,93,"89,608"
Gillies Twp,L0164,2019,Ontario Library Service - North,Contracting Municipality,1092 Hwy. #595 R.R. #1 ,Hwy. #595 R.R. #1 ,"Kakabeka Falls,   ON",Ontario,P0T1W0,www.gilliestownship.ca,0,0,0,0,0,0,0,0,0
Gogama LSB,L0465,2019,Ontario Library Service - North,LSB Library,P.O. Box  190 ,15 Low Avenue ,Gogama,Ontario,P0M1W0,glsb10@ontera.net,400,29,0,0,29,15,0,0,15
Gore Bay Union,L0302,2019,Ontario Library Service - North,Public or Union Library,15 Water Street P.O. Box 225 ,15 Water Street ,Gore Bay,Ontario,P0P1H0,olsn.ca/gorebay/index.html,639,"15,115",0,0,"15,115","79,423",613,39,"80,075"
Goulais & District LSB,L0484,2019,Ontario Library Service - North,Contracting LSB,50 Goulais Bay Road ,50 Goulais Bay Road ,Goulais River,Ontario,P0S1E0,GoulaisLSB@hotmail.ca,0,0,0,0,0,0,0,0,0
Grand Valley Library Board,L0073,2019,Southern Ontario Library Service,Public or Union Library,4 Amaranth St. E. ,4 Amaranth Street East ,Grand Valley,Ontario,L9W5L2,www.grandvalley.org,"2,065","17,014",0,0,"17,014","87,257",613,39,"87,909"
Gravenhurst Public Library,L0168,2019,Southern Ontario Library Service,Public or Union Library,180 Sharpe Street West ,180 Sharpe Street West ,Gravenhurst,Ontario,P1P1J1,www.gravenhurstlibrary.ca,"5,042","43,322",281,0,"43,603","90,686",613,39,"91,338"
Greater Madawaska Twp,L0478,2019,Southern Ontario Library Service,Public or Union Library,12629 Lanark Road P.O. Box 160 ,12629 Lanark Road P.O. Box 160 ,Calabogie,Ontario,K0J1H0,http://www.townshipofgreatermadawaska.com/library.htm,590,"13,346",15,0,"13,361","79,423",613,39,"80,075"
Greater Sudbury,L0470,2019,Ontario Library Service - North,Public or Union Library,74 MacKenzie Street ,74 MacKenzie Street ,Greater Sudbury,Ontario,P3C4X8,www.sudburylibraries.ca,"64,090","118,794","25,739","1,881","146,414","696,857","3,500","1,999","702,356"
Greenstone,L0471,2019,Ontario Library Service - North,Public or Union Library,Second Street West P.O. Box 40 ,405 2nd Street West ,Geraldton,Ontario,P0T1M0,www.olsn.ca/greenstone,"2,029","67,766","15,247",0,"83,013","79,838",613,39,"80,490"
Grey Highlands,L0472,2019,Southern Ontario Library Service,Public or Union Library,P.O. Box 280 ,101 Highland Drive ,Flesherton,Ontario,N0C1E0,www.greyhighlandspubliclibrary.com,"3,864","40,368",608,0,"40,976","79,473",613,39,"80,125"
Grimsby,L0169,2019,Southern Ontario Library Service,Public or Union Library,18 Carnegie Lane ,18 Carnegie Lane ,Grimsby,Ontario,L3M1Y1,http://grimsby.ca/library,"7,011","42,643",477,167,"43,287","407,947",0,0,"407,947"
Guelph,L0389,2019,Southern Ontario Library Service,Public or Union Library,100 Norfolk Street ,100 Norfolk Street ,Guelph,Ontario,N1H4J6,http://www.guelphpl.ca,"55,446","159,427","4,649","2,469","166,545","39,968","5,752",0,"45,720"
Haldimand County,L0473,2019,Southern Ontario Library Service,Public or Union Library,Box 187 ,111 Broad St. East ,Dunnville,Ontario,N1A2X5,http://library.haldimandcounty.on.ca,"12,258","68,206",661,116,"68,983","82,137",613,39,"82,789"
Haliburton County,L0171,2019,Southern Ontario Library Service,"County, County co-operative or Regional Municipality Library",P.O. Box 119 ,78 Maple Ave. ,Haliburton,Ontario,K0M1S0,www.haliburtonlibrary.ca,"8,358","36,426",301,0,"36,727","80,339",613,39,"80,991"
Hallebourg LSB,L0172,2019,Ontario Library Service - North,Contracting LSB,General Delivery ,General Delivery ,Hallebourg,Ontario,P0L1L0,lsbhallebourg@hotmail.com,0,0,0,0,0,0,0,0,0
Halton Hills,L0326,2019,Southern Ontario Library Service,Public or Union Library,9 Church Street ,9 Church Street ,Georgetown,Ontario,L7G2A3,http://www.hhpl.on.ca/,"18,782","85,427","2,291",210,"87,928","79,892",613,39,"80,544"
Hamilton,L0474,2019,Southern Ontario Library Service,Public or Union Library,LCD 1 P.O. Box 2700 ,55 York Blvd. ,Hamilton,Ontario,L8N4E4,www.hpl.ca,"167,441","205,376","5,969","12,015","223,360","72,370","7,763","4,332","84,465"
Hamilton Twp,L0173,2019,Southern Ontario Library Service,Contracting Municipality,P.O. Box 1060 ,8285 Majestic Hills Drive RR #4 ,Cobourg,Ontario,K9A4W5,www.hamiltontownship.ca,0,0,0,0,0,0,0,0,0
Hanover,L0174,2019,Southern Ontario Library Service,Public or Union Library,451 10th Avenue ,451 10th Avenue ,Hanover,Ontario,N4N2P1,www.hanoverlibrary.ca,"1,925","26,407",356,0,"26,763","89,812",613,39,"90,464"
Harley Twp,L0175,2019,Ontario Library Service - North,Contracting Municipality,903303 Hanbury Road R.R. #2 ,903303 Hanbury Rd ,New Liskeard,Ontario,P0J1P0,harlytwp@parolink.net,0,0,0,0,0,0,0,0,0
Hastings Highlands Twp,L0475,2019,Southern Ontario Library Service,Public or Union Library,P.O. Box 70 ,33011 Hwy. #62 North ,Maynooth,Ontario,K0L2S0,www.hastingshighlandspubliclibrary.ca,"1,545","11,327",26,0,"11,353","79,423",613,39,"80,075"
Havelock-Belmont-Methuen Twp,L0058,2019,Southern Ontario Library Service,Public or Union Library,PO  Box 10 ,13 Quebec Street ,Havelock,Ontario,K0L1Z0,www.hbmlibrary.on.ca,"1,825","34,389",11,0,"34,400","79,423",613,39,"80,075"
Hawk Junction LSB,L0177,2019,Ontario Library Service - North,Contracting LSB,P.O. Box 62 ,96 Cedar Street ,Hawk Junction,Ontario,P0S1G0,,0,0,0,0,0,0,0,0,0
Hawkesbury,L0059,2019,Southern Ontario Library Service,Public or Union Library,550 rue Higginson ,,Hawkesbury,Ontario,K6A1H1,www.bibliotheque.hawkesbury.on.ca,"6,619","21,388","36,306",0,"57,694","79,423",613,39,"80,075"
"Head, Clara & Maria",L0179,2019,Southern Ontario Library Service,Public or Union Library,15 Township Hall Road ,15 Township Hall Road ,Stonecliffe,Ontario,K0J2K0,http://hcmpubliclibrary.ca/,122,"3,649",1,0,"3,650","79,423",613,39,"80,075"
Hearst Twp,L0180,2019,Ontario Library Service - North,Public or Union Library,P.O. Bag 15000 ,801 George Street ,Hearst,Ontario,P0L1N0,www.bibliohearst.on.ca,"1,232","5,420","11,011",0,"16,431",0,"6,190",0,"6,190"
Henvey Inlet FN,L0460,2019,Ontario Library Service - North,First Nations Library,368 Pickerel River Road ,,Pickerel,Ontario,P0G1J0,maheengun12@hotmail.com,70,"2,700",0,0,"2,700",0,0,0,0
Hilton Union,L0183,2019,Ontario Library Service - North,Public or Union Library,3085 Marks Street Box 85 ,3085 Marks Street ,Hilton Beach,Ontario,P0R1G0,http://hiltonunion.library.on.ca,382,"6,242",0,0,"6,242","79,423",613,39,"80,075"
Hornepayne Twp,L0184,2019,Ontario Library Service - North,Public or Union Library,Front Street  P.O. Box 539 ,68 Front Street ,Hornepayne,Ontario,P0M1Z0,http://www.olsn.ca/hornepayne/,357,"7,474",383,0,"7,857","79,884",634,39,"80,557"
Huntsville,L0185,2019,Southern Ontario Library Service,Public or Union Library,7 Minerva Street East ,7 Minerva Street East ,Huntsville,Ontario,P1H1W4,www.huntsvillelibrary.ca,"5,316","45,222",797,15,"46,034","79,423",613,39,"80,075"
Hurkett LSB,L0187,2019,Ontario Library Service - North,Contracting LSB,R.R. #1 ,,Hurkett,Ontario,P0T1K0,,0,0,0,0,0,0,0,0,0
Huron County,L0188,2019,Southern Ontario Library Service,"County, County co-operative or Regional Municipality Library",77722B London Road R.R. #5 ,,Clinton,Ontario,N0M1L0,www.huroncounty.ca/library,"18,141","139,834","1,143",824,"141,801","81,644",613,39,"82,296"
Huron Shores,L0189,2019,Ontario Library Service - North,Public or Union Library,10 Main Street P.O. Box 339 ,10 Main Street ,Iron Bridge,Ontario,P0R1H0,http://www.olsn.ca/huronshores  ,154,"6,150",46,0,"6,196",0,0,0,0
Ignace,L0327,2019,Ontario Library Service - North,Public or Union Library,P.O. Box 480 ,36 Main Street ,Ignace,Ontario,P0T1T0,http://www.olsn.ca/ignace/,365,"12,384",158,0,"12,542","79,423",613,39,"80,075"
Innisfil,L0277,2019,Southern Ontario Library Service,Public or Union Library,967 Innisfil Beach Road ,967 Innisfil Beach Road ,Innisfil,Ontario,L9S1V3,www.innisfilidealab.ca,"28,098","53,298","1,350",213,"54,861","58,228","1,317","1,049","60,594"
Iroquois Falls,L0278,2019,Ontario Library Service - North,Public or Union Library,P.O. Box 860 ,725 Synagogue Avenue ,Iroquois Falls,Ontario,P0K1G0,www.olsn.on.ca/iroquoisfallsp/,"2,248","19,117","7,571",0,"26,688","79,423","6,803",0,"86,226"
Iskatewizaagegan No. 39 FN,L0438,2019,Ontario Library Service - North,First Nations Library,Indian Bay road P.O. Box 5 ,Indian Bay road P.O. Box 5 ,Shoal Lake,Ontario,P0X1E0,www.shoallake39.com,35,"3,650",0,10,"3,660",0,0,0,0
James Twp,L0280,2019,Ontario Library Service - North,Public or Union Library,19 First Street P.O. Box 218 ,"19 First street, Elk Lake ",Elk Lake,Ontario,P0J1G0,www.olsn.ca/jamestwp,326,"7,900",296,0,"8,196",26,0,0,26
Jocelyn Twp,L0444,2019,Ontario Library Service - North,Contracting Municipality,3670 5th Side Road R .R. #1 ,3670 5th Side Road R .R. #1 ,Hilton Beach,Ontario,P0R1G0,NA,0,0,0,0,0,0,0,0,0
Jogues LSB,L0281,2019,Ontario Library Service - North,Contracting LSB,3B Rue de l'Église ,3B Rue de l'Église ,Jogues,Ontario,P0L1R0,n/a,0,0,0,0,0,0,0,0,0
Johnson Twp,L0388,2019,Ontario Library Service - North,Contracting Municipality,P.O. Box 160 ,1 Johnson Drive ,Desbarats,Ontario,P0R1E0,www.johnsontwp.ca,0,0,0,0,0,0,0,0,0
Joly Twp,L0282,2019,Ontario Library Service - North,Contracting Municipality,P.O. Box 519 ,871 Forest Lake Road ,Sundridge,Ontario,P0A1Z0,,0,0,0,0,0,0,0,0,0
Kapuskasing,L0122,2019,Ontario Library Service - North,Public or Union Library,24 Mundy Avenue ,Mundy Avenue ,Kapuskasing,Ontario,P5N1P9,www.kapuskasinglibrary.ca,"1,706","18,550","10,100",0,"28,650",0,0,0,0
"Kawartha Lakes, City of",L0476,2019,Southern Ontario Library Service,Public or Union Library,190 Kent Street West 9000 ,190 Kent Street West ,Lindsay,Ontario,K9V2Y6,www.kawarthalakeslibrary.ca,"19,049","128,763","1,402",57,"130,222","3,500",0,0,"3,500"
Kearney & Area,L0123,2019,Ontario Library Service - North,Public or Union Library,P.O. Box 220 ,8 Main Street ,Kearney,Ontario,P0A1M0,www.olsn.ca/kearney,350,"8,226",45,0,"8,271","79,423",613,39,"80,075"
Kenora City,L0485,2019,Ontario Library Service - North,Public or Union Library,24 Main Street South ,,Kenora,Ontario,P9N1S7,www.kenorapubliclibrary.org,"3,790","48,886",361,0,"49,247","80,021",613,39,"80,673"
Kerns Twp,L0124,2019,Ontario Library Service - North,Contracting Municipality,903303 Hanbury  Road R.R. #2 ,903303 Hanbury Rd ,New Liskeard,Ontario,P0J1P0,harlytwp@parolink.net,0,0,0,0,0,0,0,0,0
"Killaloe, Hagarty & Richards Twp",L0385,2019,Southern Ontario Library Service,Public or Union Library,1 John Street Box 100 ,1 John Street Box 100 ,Killaloe,Ontario,K0J2A0,www.killaloelibrary.ca,"1,043","9,510",36,0,"9,546","79,423",613,39,"80,075"
Killarney,L1097,2019,Ontario Library Service - North,Contracting Municipality,32 Commissioner Street ,32 Commissioner Street ,Killarney,Ontario,P0M2A0,http://www.municipality.killarney.on.ca,0,0,0,0,0,0,0,0,0
King Twp,L0125,2019,Southern Ontario Library Service,Public or Union Library,1970 King Road P.O. Box 399 ,1970 King Road ,King City,Ontario,L7B1A6,www.kinglibrary.ca,"9,059","35,956",689,0,"36,645","81,067","1,202",39,"82,308"
Kingston-Frontenac County,L0213,2019,Southern Ontario Library Service,Public or Union Library,130 Johnson Street ,,Kingston,Ontario,K7L1X8,www.kfpl.ca,"45,559","181,093","8,983","3,925","194,001","13,719",166,0,"13,885"
Kirkland Lake,L0126,2019,Ontario Library Service - North,Public or Union Library,10 Kirkland Street East ,,Kirkland Lake,Ontario,P2N1P1,www.olsn.ca/kirklandlakepl,"3,892","34,321","2,510",0,"36,831","79,423",613,39,"80,075"
Kitchener,L0127,2019,Southern Ontario Library Service,Public or Union Library,85 Queen Street North ,,Kitchener,Ontario,N2H2H1,www.kpl.org,"102,276","217,231","6,111","11,533","234,875","38,605",239,252,"39,096"
La Nation,L0091,2019,Southern Ontario Library Service,Public or Union Library,4531 Ste. Catherine Street ,4531 Ste. Catherine Street ,St-Isidore,Ontario,K0C2B0,www.nationmunbiblio.ca,"4,678","21,249","33,070",0,"54,319","79,423","6,803",39,"86,265"
La Vallee Twp,L0235,2019,Ontario Library Service - North,Contracting Municipality,P.O. Box 99 ,56 Church Road ,Devlin,Ontario,P0W1C0,lavalley@nwonet.net,0,0,0,0,0,0,0,0,0
Lac Ste. Therese LSB,L0236,2019,Ontario Library Service - North,Contracting LSB,C.P. 785 ,,Hearst,Ontario,P0L1N0,,0,0,0,0,0,0,0,0,0
Laird Twp,L0237,2019,Ontario Library Service - North,Contracting Municipality,3 Pumpkin Point Rd. West R.R. #4 ,3 Pumpkin Point Rd. West ,Echo Bay,Ontario,P0S1C0,lairdtownship.ca,0,0,0,0,0,0,0,0,0
Lake of Bays Twp,L0238,2019,Southern Ontario Library Service,Public or Union Library,1014 Dwight Beach Rd ,1014 Dwight Beach Rd ,Dwight,Ontario,P0A1H0,www.lakeofbayslibrary.ca,"5,335","27,275",151,0,"27,426","79,423",613,39,"80,075"
Lake of The Woods Twp,L0133,2019,Ontario Library Service - North,Contracting Municipality,P.O. Box 427 ,211 4th Street ,Rainy River,Ontario,P0W1L0,www.lakeofthewoods.ca,0,0,0,0,0,0,0,0,0
Lambton County,L0239,2019,Southern Ontario Library Service,"County, County co-operative or Regional Municipality Library",787 Broadway Street P.O. Box 3100 ,787 Broadway Street P.O. Box 3100 ,Wyoming,Ontario,N0N1T0,www.lclibrary.ca,"32,774","111,227","4,708","1,370","117,305","34,144",0,0,"34,144"
Lanark Highlands,L0330,2019,Southern Ontario Library Service,Public or Union Library,P.O. Box 249 ,75 George Street ,Lanark,Ontario,K0G1K0,www.lanarklibrary.ca,697,"19,139",60,0,"19,199","79,423",613,39,"80,075"
Lappe Local Services Board,L1099,2019,Ontario Library Service - North,Contracting LSB,2032A Kam Current Road ,2032A Kam Current Road ,Gorham,Ontario,P7G0K5,https://www.lappe.ca/,0,0,0,0,0,0,0,0,0
Larder Lake Public Library,L0240,2019,Ontario Library Service - North,Public or Union Library,P.O. Box 189 ,69 Fourth Avenue ,Larder Lake,Ontario,P0K1L0,www.larderlakepubliclibrary.ca,290,"9,843","1,304",0,"11,147","79,423",613,39,"80,075"
Laurentian Hills,L0384,2019,Southern Ontario Library Service,Public or Union Library,34465 Highway 17 RR 1 ,34465 Highway 17 RR 1 ,Deep River,Ontario,K0J1P0,library.laurentianhills.ca,323,"21,119",184,24,"21,327","79,423",613,39,"80,075"
Laurentian Valley Twp,L0383,2019,Southern Ontario Library Service,Contracting Municipality,460 Witt Road ,237 Victoria ,Pembroke,Ontario,K8A4K5,www.laurentianvalleytwsp.on.ca,0,0,0,0,0,0,0,0,0
Laurier LSB,L1089,2019,Ontario Library Service - North,Contracting LSB,12650 HWY 124 P. O. Box 453 ,12650 HWY 124 P. O. Box 453 ,South River,Ontario,P0A1X0,laurier.local.services.board@gmail.com,0,0,0,0,0,0,0,0,0
Leeds and the Thousand Islands Twp,L0477,2019,Southern Ontario Library Service,Public or Union Library,Box  219 ,1 - B  Jessie St. ,Lansdowne,Ontario,K0E1L0,www.ltipl.net,"5,384","13,774",466,0,"14,240",0,0,0,0
Lennox and Addington County,L0243,2019,Southern Ontario Library Service,"County, County co-operative or Regional Municipality Library",97 Thomas Street East ,97 Thomas Street East ,Napanee,Ontario,K7R4B9,www.countylibrary.ca,"8,951","57,865",724,142,"58,731","82,895",613,39,"83,547"
Limerick Twp,L1100,2019,Southern Ontario Library Service,Contracting Municipality,89 Limerick Lake Road ,89 Limerick Lake Road ,Gilmour,Ontario,K0L1W0,www.township.limerick.on.ca,0,0,0,0,0,0,0,0,0
Lincoln,L0433,2019,Southern Ontario Library Service,Public or Union Library,5020 Serena Drive PO Box 460 ,5020 Serena Drive ,Beamsville,Ontario,L0R1B0,www.lincoln.library.on.ca,"6,537","59,544",374,10,"59,928","79,423",613,39,"80,075"
Local Services Board of Rainbow Country,L0286,2019,Ontario Library Service - North,Contracting LSB,Box 144 ,245 Avery ,Espanola,Ontario,P3E1S5,https://rainbowcountrylsb.wordpress.com,0,0,0,0,0,0,0,0,0
London,L0245,2019,Southern Ontario Library Service,Public or Union Library,251 Dundas St. ,,London,Ontario,N6A6H9,http://www.londonpubliclibrary.ca,"174,801","200,090","8,223","11,521","219,834","31,296",0,0,"31,296"
"Loring, Port Loring and District Local Services Board",L0497,2019,Ontario Library Service - North,LSB Library,11767 Hwy 522 P.O. Box 82 ,11767 Hwy 522 P.O. Box 82 ,Port Loring,Ontario,P0H1Y0,http://www.olsn.ca/argylecommunitylibrary,440,"9,300",0,0,"9,300",0,0,0,0
M'Chigeeng FN,L0406,2019,Ontario Library Service - North,First Nations Library,Lakeview Drive P.O. Box 296 ,18 Lakeview Drive ,M'Chigeeng First Nation,Ontario,P0P1G0,www.olsn.ca/proofs/mchigeeng,238,"14,758",0,0,"14,758",0,0,0,0
"MacDonald, Meredith & Aberdeen Add'l Twp",L0190,2019,Ontario Library Service - North,Contracting Municipality,208 Church Street P.O. Box 10 ,208 Church Street ,Echo Bay,Ontario,P0S1C0,www.echobay.ca,0,0,0,0,0,0,0,0,0
Madawaska Valley Twp,L0496,2019,Southern Ontario Library Service,Public or Union Library,19474 Opeongo Line P.O. Box 970 ,19474 Opeongo Line ,Barry's Bay,Ontario,K0J1B0,www.madawaskavalleylibrary.ca,"1,157","22,337",104,28,"22,469","79,423",613,39,"80,075"
Madoc Twp,L0193,2019,Southern Ontario Library Service,Contracting Municipality,P.O. Box 503 ,15651 Highway 62 ,Madoc,Ontario,K0K2K0,www.madoc.ca,0,0,0,0,0,0,0,0,0
Magnetawan FN,L0407,2019,Ontario Library Service - North,First Nations Library,10 Hwy 529 Comp 15 R.R. #1     ,10 Hwy 529 Comp 15 R.R. #1     ,Britt,Ontario,P0G1A0,library@magnetawanfirstnation.com,10,750,15,0,765,0,0,0,0
Magnetawan Twp,L0194,2019,Ontario Library Service - North,Public or Union Library,P.O. Box 130 ,4304 N. Sparks St ,Magnetawan,Ontario,P0A1P0,www.magnetawanlibrary.ca,902,"9,669",93,0,"9,762","79,423",613,39,"80,075"
Manitouwadge,L0195,2019,Ontario Library Service - North,Public or Union Library,2 Manitou Rd Community Centre ,2 Manitou Rd ,Manitouwadge,Ontario,P0T2C0,www.olsn.ca/manitouwadge,592,"23,508",883,0,"24,391","79,423",613,39,"80,075"
Marathon,L0196,2019,Ontario Library Service - North,Public or Union Library,22 Peninsula Road P.O. Box 400 ,22 Peninsula Road ,Marathon,Ontario,P0T2E0,http://www.olsn.c/marathon,"1,232","12,712",257,0,"12,969","79,423",613,39,"80,075"
Markham,L0099,2019,Southern Ontario Library Service,Public or Union Library,6031 Highway 7 ,,Markham,Ontario,L3P3A7,http://www.markhampubliclibrary.ca,"161,084","232,147","11,222","48,439","291,808","97,551","1,991","3,113","102,655"
Markstay-Warren,L0447,2019,Ontario Library Service - North,Public or Union Library,P.O. Box 50 ,7 Pioneer St. East ,Markstay,Ontario,P0M2G0,www.olsn.ca/markstay-warrenpl,820,"10,134","1,362",0,"11,496","80,882",658,39,"81,579"
Marmora and Lake Twp,L0463,2019,Southern Ontario Library Service,Public or Union Library,P.O. Box 340 ,37 Forsyth Street ,Marmora,Ontario,K0K2M0,www.marmoralibrary.ca/,691,"15,809",6,0,"15,815","79,423",613,39,"80,075"
Mattagami FN,L0428,2019,Ontario Library Service - North,First Nations Library,P.O. Box 99 ,,Gogama,Ontario,P0M1W0,,35,"4,713",0,0,"4,713",0,0,0,0
Mattawa,L0134,2019,Ontario Library Service - North,Public or Union Library,370 Pine Street P.O. Box 920 ,370 Pine St. ,Mattawa,Ontario,P0H1V0,http://users.efni.com/~mplibrary/,"1,500","34,125","7,540",0,"41,665",238,100,0,338
Mattawan Twp,L0461,2019,Ontario Library Service - North,Contracting Municipality,P.O. Box 610 ,947 Highway 533 ,Mattawa,Ontario,P0H1V0,n/a,0,0,0,0,0,0,0,0,0
Mattice-Val Cote Twp,L0020,2019,Ontario Library Service - North,Public or Union Library,Main CP 217 ,189 Balmoral Ave ,Mattice,Ontario,P0L1T0,www.matticevalcote.ca,269,"4,654","7,829",0,"12,483",0,"6,190",0,"6,190"
"McDougall, Municipality of",L1087,2019,Ontario Library Service - North,Contracting Municipality,5 Barager Blvd. RR #3 ,5 Barager Blvd. RR #3 ,Parry Sound,Ontario,P2A2W9,www.municipalityofmcdougall.com,0,0,0,0,0,0,0,0,0
McGarry Twp,L0199,2019,Ontario Library Service - North,Public or Union Library,1 27th St P.O. Box 250 ,1 27th St 250 ,Virginiatown,Ontario,P0K1X0,www.olsn.ca/mcgarry,145,"4,524","2,919",0,"7,443",0,0,0,0
McKellar Twp,L0200,2019,Ontario Library Service - North,Public or Union Library,P.O. Box 10 ,701 Highway 124 ,McKellar,Ontario,P0G1C0,www.mckellarpubliclibrary.on.ca,343,"9,175",16,0,"9,191","79,423",613,39,"80,075"
"McMurrich-Monteith, the Corporation of the Township of",L0201,2019,Ontario Library Service - North,Contracting Municipality,P.O. Box 70 ,31 William St ,Sprucedale,Ontario,P0A1Y0,www.mcmurrichmonteith.com,0,0,0,0,0,0,0,0,0
McNab-Braeside Twp,L1028,2019,Southern Ontario Library Service,Contracting Municipality,2508 Russett Drive R.R. 2 ,2508 Russett Drive R.R. 2 ,Arnprior,Ontario,K7S3G8,www.mcnabbraeside.com,0,0,0,0,0,0,0,0,0
Meaford,L0203,2019,Southern Ontario Library Service,Public or Union Library,15 Trowbridge Street West ,,Meaford,Ontario,N4L1V4,www.meafordlibrary.on.ca,"4,856","29,893",734,0,"30,627","79,532",613,39,"80,184"
Melancthon Twp,L0331,2019,Southern Ontario Library Service,Contracting Municipality,157101 Highway 10 ,157101 Highway No 10 ,Melancthon,Ontario,L9V2E6,www.melancthontownship.ca,0,0,0,0,0,0,0,0,0
Merrickville-Wolford,L0204,2019,Southern Ontario Library Service,Public or Union Library,446 Main St. W P.O. Box 460 ,446 Main St. W P.O. Box 460 ,Merrickville,Ontario,K0G1N0,www.merrickvillelibrary.ca,"1,567","22,825","1,013",0,"23,838","79,439",613,39,"80,091"
Michipicoten FN,L0464,2019,Ontario Library Service - North,First Nations Library,"107 Hiawatha Drive P.O. Box 1 RR#1, Site 8 ","107 Hiawatha Drive P.O. Box 1 RR#1, Site 8 ",Wawa,Ontario,P0S1K0,www.michipicoten.com,75,960,3,0,963,0,0,0,0
Middlesex County Library,L0205,2019,Southern Ontario Library Service,"County, County co-operative or Regional Municipality Library",399 Ridout Street North ,34-B Frank St. ,Strathroy,Ontario,N6A2P1,www.library.middlesex.ca,"20,825","73,315",458,591,"74,364","34,639",1,0,"34,640"
Midland,L0022,2019,Southern Ontario Library Service,Public or Union Library,320 King Street ,,Midland,Ontario,L4R3M6,www.midlandlibrary.com,"19,090","36,024",0,0,"36,024","13,255",146,375,"13,776"
Milton,L0434,2019,Southern Ontario Library Service,Public or Union Library,1010 Main Street East ,1010 Main Street East ,Milton,Ontario,L9T6H7,www.mpl.on.ca,"78,171","106,671","3,572","1,089","111,332","129,688","2,395","9,945","142,028"
Mississauga,L0206,2019,Southern Ontario Library Service,Public or Union Library,301 Burnhamthorpe Road West ,301 Burnhamthorpe Road West ,Mississauga,Ontario,L5B3Y3,www.mississauga.ca/library,"209,025","202,502","10,376","15,746","228,624","53,249",10,564,"53,823"
Mississauga FN,L0459,2019,Ontario Library Service - North,First Nations Library,P.O. Box 1299 ,148 Village Rd. ,Blind River,Ontario,P0R1B0,www.mississaugi.com,460,"4,003",1,4,"4,008",53,0,0,53
Mississaugas of Scugog Island FN,L0440,2019,Southern Ontario Library Service,First Nations Library,22600 Island Road ,22600 Island Road ,Port Perry ,Ontario,L9L1B6,http://www.scugogfirstnation.com/Page.asp?IdPage=6658&WebAddress=misfn,105,"1,324",0,0,"1,324",0,0,0,0
Mississippi Mills,L0210,2019,Southern Ontario Library Service,Public or Union Library,155 High St. P.O. Box 820 ,155 High Street ,Almonte,Ontario,K0A1A0,http://missmillslibrary.com/,"5,836","34,875","1,168",0,"36,043","79,423",613,39,"80,075"
Mohawks of the Bay of Quinte FN,L0405,2019,Southern Ontario Library Service,First Nations Library,1658 York Road ,1658 York Road ,Tyendinaga Mohawk Territory,Ontario,K0K1X0,http://www.kanhiote.ca,830,"1,550",0,0,"1,550","82,191",619,41,"82,851"
Mono,L0029,2019,Southern Ontario Library Service,Contracting Municipality,347209 Mono Centre Road ,347209 Mono Centre Road ,Orangeville,Ontario,L9W6S3,http://www.townofmono.com,0,0,0,0,0,0,0,0,0
Montague Twp,L0208,2019,Southern Ontario Library Service,Contracting Municipality,P.O. Box 755 ,6547 Roger Stevens Drive ,Smiths Falls,Ontario,K7A4W6,www.township.montague.on.ca,0,0,0,0,0,0,0,0,0
Moonbeam Twp,L0211,2019,Ontario Library Service - North,Public or Union Library,C.P. 370 ,53 Avenue St-Aubin ,Moonbeam,Ontario,P0L1V0,http://www.biblio.moonbeam.ca/,390,"4,176","12,890",0,"17,066","79,423","6,803",39,"86,265"
Morley Twp,L0135,2019,Ontario Library Service - North,Contracting Municipality,P.O. Box 40 ,11331 Highway #11 ,Stratton,Ontario,P0W1N0,www.townshipofmorley.ca,0,0,0,0,0,0,0,0,0
Mulmur Twp,L0333,2019,Southern Ontario Library Service,Contracting Municipality,758070 2nd Line East ,758070 2nd Line East ,Mulmur,Ontario,L9V0G8,www.mulmurtownship.ca,0,0,0,0,0,0,0,0,0
Muskoka Lakes Twp,L0212,2019,Southern Ontario Library Service,Public or Union Library,69 Joseph Street P.O. Box 189 ,69 Joseph Street ,Port Carling,Ontario,P0B1J0,muskokalakes.olsn.ca,"2,331","32,341",96,0,"32,437","79,423",613,39,"80,075"
Nairn & Hyman Twp,L0214,2019,Ontario Library Service - North,Contracting Municipality,64 McIntyre Street ,,Nairn Centre,Ontario,P0M2L0,www.nairncentre.ca,0,0,0,0,0,0,0,0,0
Naotkamegwanning FN,L0409,2019,Ontario Library Service - North,First Nations Library,General Delivery ,Northwest Angle Education Authority ,Naotkamegwanning,Ontario,P0X1L0,wbnaea@kmts.ca,353,"8,300",0,50,"8,350",0,0,0,0
"Neebing, Municipality of",L0442,2019,Ontario Library Service - North,Contracting Municipality,4766 Hwy 61 ,4766 Hwy 61 ,Neebing,Ontario,P7L0B5,www.neebing.org,0,0,0,0,0,0,0,0,0
New Credit FN,L0410,2019,Southern Ontario Library Service,First Nations Library,R.R. # 6 ,"Blue #2789, 1st line, Mississauga Road ",Hagersville,Ontario,N0A1H0,,251,808,0,0,808,0,0,0,0
New Tecumseth,L0207,2019,Southern Ontario Library Service,Public or Union Library,17 Victoria Street East P.O. Box 399 ,17 Victoria Street East P.O. Box 399 ,Alliston,Ontario,L9R1V6,www.ntpl.ca,"9,255","62,530",836,40,"63,406","13,255",146,375,"13,776"
Newmarket,L0019,2019,Southern Ontario Library Service,Public or Union Library,438 Park Avenue ,,Newmarket,Ontario,L3Y1W1,www.newmarketpl.ca,"23,115","177,407","5,621","1,599","184,627","113,706","6,889",102,"120,697"
Niagara Falls,L0222,2019,Southern Ontario Library Service,Public or Union Library,4848 Victoria Avenue ,,Niagara Falls,Ontario,L2E4C5,www.nflibrary.ca,"40,192","71,122","1,053",0,"72,175","4,797",0,0,"4,797"
Niagara-on-the-Lake,L0223,2019,Southern Ontario Library Service,Public or Union Library,P.O. Box 430 ,10 Anderson Lane ,Niagara-on-the-Lake,Ontario,L0S1J0,www.notlpubliclibrary.org,"5,214","26,855",91,0,"26,946","51,187",0,0,"51,187"
Nipigon Twp,L0225,2019,Ontario Library Service - North,Public or Union Library,52 Front Street Box 728 ,52 Front Street ,Nipigon,Ontario,P0T2J0,https://nipigon.net/residents/nipigon-public-library/,701,"13,349",0,0,"13,349","79,423",613,39,"80,075"
Nipissing FN,L0412,2019,Ontario Library Service - North,First Nations Library,36 Semo Road ,24 Semo Road ,Garden Village,Ontario,P2B3K2,www.nfn.ca,59,"4,194",3,26,"4,223",0,0,0,0
Norfolk County,L0480,2019,Southern Ontario Library Service,Public or Union Library,46 Colborne St. South ,Colborne St. S. ,Simcoe,Ontario,N3Y4H3,www.ncpl.ca,"21,339","65,510","1,801",778,"68,089","93,778","6,803",39,"100,620"
North Bay,L0227,2019,Ontario Library Service - North,Public or Union Library,271 Worthington Street East ,271 Worthington Street East ,North Bay,Ontario,P1B1H1,www.city.north-bay.on.ca/library/,"48,884","120,512","12,437",39,"132,988","79,423",613,39,"80,075"
North Grenville Twp,L0228,2019,Southern Ontario Library Service,Public or Union Library,1 Water P.O. Box 538 ,1 Water Street ,Kemptville,Ontario,K0G1J0,www.ngpl.ca,"6,806","32,087","3,028",0,"35,115","79,904",613,39,"80,556"
North Kawartha Twp,L0382,2019,Southern Ontario Library Service,Public or Union Library,175 Burleigh Street Box 335 ,175 Burleigh St. ,Apsley,Ontario,K0L1A0,www.northkawarthalibrary.com,"7,113","11,905",35,0,"11,940","79,423",613,39,"80,075"
North Perth,L0231,2019,Southern Ontario Library Service,Public or Union Library,216 Winstanley ,216 Winstanley ,Monkton,Ontario,N0K1P0,www.northperth.library.on.ca,"3,193","35,710",0,0,"35,710","37,243",194,252,"37,689"
North Shore Twp,L0215,2019,Ontario Library Service - North,Contracting Municipality,1385 Hwy. 17 P.O. Box 108 ,1385 Hwy. 17 ,Algoma Mills,Ontario,P0R1A0,www.townshipofthenorthshore.ca,0,0,0,0,0,0,0,0,0
Northeastern Manitoulin and the Islands,L0232,2019,Ontario Library Service - North,Public or Union Library,50 Meredith Street West P.O. Box 790 ,50 Meredith Street West ,Little Current On,Ontario,P0P1K0,http://www.nemilib.vianet.ca/,784,"12,669",0,0,"12,669","79,423",613,39,"80,075"
O'Connor Twp,L0248,2019,Ontario Library Service - North,Contracting Municipality,330 Hwy 595 R.R. #1 ,330 Hwy 595 ,Kakabeka Falls,Ontario,P0T1W0,www.oconnortownship.ca,0,0,0,0,0,0,0,0,0
Oakville,L0247,2019,Southern Ontario Library Service,Public or Union Library,120 Navy Street ,120 Navy Street ,Oakville,Ontario,L6J2Z4,www.opl.on.ca,"63,729","125,531","7,430","4,074","137,035","18,850",0,0,"18,850"
Ojibways of Onigaming FN,L0413,2019,Ontario Library Service - North,First Nations Library,P.O. Box 509 ,"Mikinaak Rd, 212 Mikinaak Onigaming Sch. ",Nestor Falls,Ontario,P0X1K0,www.voyageur.ca/~ojibonig/,150,"2,800",0,0,"2,800",10,0,0,10
Oliver Paipoonge,L0165,2019,Ontario Library Service - North,Public or Union Library,4569 Oliver Road P.O.Box 26 ,4569 Oliver Road ,Murillo,Ontario,P0T2G0,http://www.oliverpaipoonge.olsn.ca/,"1,660","13,302",30,0,"13,332","79,423",613,39,"80,075"
Opasatika,L0250,2019,Ontario Library Service - North,Public or Union Library,P.O. Box 100 ,6 St Antoine Street ,Opasatika,Ontario,P0L1Z0,https://sites.google.com/site/bibliothequeopasatika/,139,"1,597","8,963",0,"10,560",0,0,0,0
Orangeville,L0074,2019,Southern Ontario Library Service,Public or Union Library,1 Mill Street ,1 Mill Street ,Orangeville,Ontario,L9W2M2,www.orangeville.library.on.ca,"7,749","63,072","2,654",52,"65,778","96,828",613,39,"97,480"
Orillia,L0023,2019,Southern Ontario Library Service,Public or Union Library,36 Mississaga St W ,36 Mississaga St W ,Orillia,Ontario,L3V3A6,http://www.orilliapubliclibrary.ca,"17,026","65,452",635,69,"66,156","79,423",613,39,"80,075"
Oro-Medonte Twp,L0252,2019,Southern Ontario Library Service,Contracting Municipality,148 Line 7 South ,148 Line 7 South ,Oro-Medonte,Ontario,L0L2E0,www.oro-medonte.ca,0,0,0,0,0,0,0,0,0
Oshawa,L0253,2019,Southern Ontario Library Service,Public or Union Library,65 Bagot Street ,,Oshawa,Ontario,L1H1N2,www.oshawalibrary.on.ca,"43,186","157,818","5,505","2,117","165,440","25,958",0,0,"25,958"
Otonabee-South Monaghan Twp,L0255,2019,Southern Ontario Library Service,Public or Union Library,P.O. Box 9 ,3252 County Road 2 ,Keene,Ontario,K0L2G0,www.otosoumon.library.on.ca,"1,990","33,957",180,27,"34,164","79,423",613,39,"80,075"
Ottawa,L0481,2019,Southern Ontario Library Service,Public or Union Library,120 Metcalfe Street ,,Ottawa,Ontario,K1P5M2,www. biblioottawalibrary.ca,"308,184","290,851","70,003","56,265","417,119","65,962","6,074","5,816","77,852"
Owen Sound & North Grey Union,L0256,2019,Southern Ontario Library Service,Public or Union Library,824 First Avenue West ,,Owen Sound,Ontario,N4K4K4,www.owensound.library.on.ca,"11,457","75,017","1,338",0,"76,355","80,669",613,39,"81,321"
Oxford County,L0257,2019,Southern Ontario Library Service,"County, County co-operative or Regional Municipality Library",21 Reeve St. P.O. Box 1614 ,21 Reeve St. P.O. Box 1614 ,Woodstock,Ontario,N4S7Y3,http://www.ocl.net,"16,351","74,334",592,542,"75,468","81,465",613,39,"82,117"
Papineau-Cameron Twp,L0260,2019,Ontario Library Service - North,Contracting Municipality,4861 Hwy 17 P.O. Box 630 ,4861 Hwy 17 P.O. Box 630 ,Mattawa,Ontario,P0H1V0,papineaucameron.ca,0,0,0,0,0,0,0,0,0
Parry Sound,L0095,2019,Ontario Library Service - North,Public or Union Library,29 Mary Street ,29 Mary Street ,Parry Sound,Ontario,P2A1E3,www.parrysoundlibrary.ca,"4,162","19,717",73,0,"19,790","79,423",613,39,"80,075"
Pelham,L0262,2019,Southern Ontario Library Service,Public or Union Library,P.O. Box 830 ,43 Pelham Town Square ,Fonthill,Ontario,L0S1E0,www.pelhamlibrary.on.ca,"7,699","25,386",156,0,"25,542","79,651",613,39,"80,303"
Pembroke,L0071,2019,Southern Ontario Library Service,Public or Union Library,237 Victoria Street ,237 Victoria Street ,Pembroke,Ontario,K8A4K5,www.pembrokelibrary.ca,"2,344","53,202","4,552",0,"57,754","89,866","6,803",39,"96,708"
Penetanguishene,L0263,2019,Southern Ontario Library Service,Public or Union Library,24 Simcoe Street ,24 Simcoe Street ,Penetanguishene,Ontario,L9M1R6,www.penetanguishene.library.on.ca,"4,038","25,185","4,178",0,"29,363","79,403",613,39,"80,055"
Perry Twp,L0202,2019,Ontario Library Service - North,Public or Union Library,25 Joseph P.O. Box 39 ,25 Joseph St ,Emsdale,Ontario,P0A1J0,http:\\perry.olsn.ca,562,"12,080",34,0,"12,114","79,571",613,39,"80,223"
Perth and District Union,L0264,2019,Southern Ontario Library Service,Public or Union Library,30 Herriott Street ,,Perth,Ontario,K7H1T2,www.perthunionlibrary.ca,"6,784","37,328","1,158",0,"38,486","79,583",613,39,"80,235"
Perth East,L0265,2019,Southern Ontario Library Service,Public or Union Library,19 Mill Street East 190 ,19 Mill Street East ,Milverton,Ontario,N0K1M0,www.pertheast.library.on.ca,"1,272","18,932",14,0,"18,946","37,243",194,252,"37,689"
Perth South Twp,L0266,2019,Southern Ontario Library Service,Contracting Municipality,3191 Road 122 ,,St. Pauls,Ontario,N0K1V0,www.perthsouth.ca,0,0,0,0,0,0,0,0,0
Petawawa,L0267,2019,Southern Ontario Library Service,Public or Union Library,16 Civic Centre Road ,16 Civic Centre Road ,Petawawa,Ontario,K8H3H5,www.petawawapubliclibrary.ca,"3,299","43,125","3,845",0,"46,970","79,502",613,39,"80,154"
Peterborough,L0268,2019,Southern Ontario Library Service,Public or Union Library,345 Aylmer Street North ,345 Aylmer Street North ,Peterborough,Ontario,K9H3V7,www.ptbolibrary.ca,"13,375","103,866","2,412",46,"106,324","93,637",613,39,"94,289"
Phelps,L0261,2019,Ontario Library Service - North,LSB Library,41 Old Mill Road ,9311 Highway 63 ,Redbridge,Ontario,P0H2A0,http://phelpstownship.ca/Library/Phelps%20Public%20Library%20Redbridge.htm,127,"10,214",0,30,"10,244",0,0,0,0
Pickering,L0340,2019,Southern Ontario Library Service,Public or Union Library,P.O. Box 368 ,One The Esplanade ,Pickering,Ontario,L1V6K7,www.picnet.org,"40,501","100,499","6,044","1,569","108,112","105,804",613,39,"106,456"
Port Colborne,L0024,2019,Southern Ontario Library Service,Public or Union Library,310 King Street ,,Port Colborne,Ontario,L3K4H1,www.portcolbornelibrary.org,"6,248","36,433",248,0,"36,681","80,192",613,39,"80,844"
Port Hope,L0499,2019,Southern Ontario Library Service,Public or Union Library,31 Queen Street ,31 Queen Street ,Port Hope,Ontario,L1A2Y8,www.porthopepubliclibrary.ca,"11,120","35,398",230,0,"35,628","79,423",613,39,"80,075"
Powassan & District Union Public Library,L0273,2019,Ontario Library Service - North,Public or Union Library,324 Clark Street P.O. Box 160 ,324 Clark Street ,Powassan,Ontario,P0H1Z0,www.powassanlibrary.com,"2,169","11,423",427,0,"11,850","79,423",613,39,"80,075"
Prescott,L0274,2019,Southern Ontario Library Service,Public or Union Library,360 Dibble Street West P.O. Box 430 ,360 Dibble Street West ,Prescott,Ontario,K0E1T0,http://www.prescott.ca/library,"1,528","25,600",277,0,"25,877","79,423",613,39,"80,075"
Prince Edward County,L0276,2019,Southern Ontario Library Service,Public or Union Library,208 Main Street ,,Picton,Ontario,K0K2T0,www.peclibrary.org,"8,466","27,636",164,0,"27,800","79,423",613,39,"80,075"
Prince Twp Public Library,L0275,2019,Ontario Library Service - North,Public or Union Library,3042 Second Line West RR6 ,3042 Second Line West RR6 ,Prince Township,Ontario,P6A6K4,www.olsn.ca/princetownship,249,"5,462",97,0,"5,559","79,423",613,39,"80,075"
Quinte West,L0285,2019,Southern Ontario Library Service,Public or Union Library,7 Creswell Drive ,7 Creswell Drive ,Trenton,Ontario,K8V6X5,www.library.quintewest.ca,"8,761","91,683","2,961",0,"94,644","79,513",613,39,"80,165"
Rainy River,L0131,2019,Ontario Library Service - North,Public or Union Library,Box 308 ,334 4th Street ,Rainy River,Ontario,P0W1L0,www.rainyriverlibrary.com,672,"13,687",53,46,"13,786","145,517",613,39,"146,169"
Rainy River FN,L0446,2019,Ontario Library Service - North,First Nations Library,Box 450 ,,Emo,Ontario,P0W1E0,,80,27,0,0,27,0,0,0,0
Ramara Twp,L0287,2019,Southern Ontario Library Service,Public or Union Library,5482 Highway 12 South P.O. Box 158 ,5482 Highway #12 South ,Ramara,Ontario,L3V0S2,www.ramarapubliclibrary.org,"2,078","17,380",0,0,"17,380","92,678",759,414,"93,851"
Red Lake,L0290,2019,Ontario Library Service - North,Public or Union Library,12 Fifth St. P.O. Box 280 ,12 Fifth Street ,Balmertown,Ontario,P0V1C0,http://www.olsn.ca/redlake,929,"24,713",329,0,"25,042","79,423",613,39,"80,075"
Red Rock Twp,L0291,2019,Ontario Library Service - North,Public or Union Library,42 Salls Street P.O. Box 285 ,42 Salls Street ,Red Rock,Ontario,P0T2P0,www.olsn.ca/redrock,523,"13,433",99,0,"13,532","79,543",613,39,"80,195"
Renfrew,L0292,2019,Southern Ontario Library Service,Public or Union Library,13 Railway Avenue ,13 Railway Avenue ,Renfrew,Ontario,K7V3A9,http://www.renfrew.ca/library-welcome.cfm,"3,621","22,106",251,0,"22,357","79,423",613,39,"80,075"
Restoule LSB,L0293,2019,Ontario Library Service - North,Contracting LSB,General Delivery ,General Delivery ,Restoule,Ontario,P0H2R0,no current website,0,0,0,0,0,0,0,0,0
Richmond Hill,L0294,2019,Southern Ontario Library Service,Public or Union Library,1 Atkinson Street ,1 Atkinson Street ,Richmond Hill,Ontario,L4C0H5,www.rhpl.ca,"59,093","160,565","8,139","27,766","196,470","37,539","6,190",0,"43,729"
Rideau Lakes Public Library,L0498,2019,Southern Ontario Library Service,Public or Union Library,24 Halladay Street Box 189 ,24 Halladay Street ,Elgin,Ontario,K0G1E0,www.rlpl.ca,"2,763","27,836",205,0,"28,041","79,423",613,0,"80,036"
Robinson  LSB,L0297,2019,Ontario Library Service - North,Contracting LSB,20563 Hwy 540 ,20563 Hwy 540 ,Silver Water,Ontario,P0P1Y0,LSB has no website,0,0,0,0,0,0,0,0,0
Rossport LSB,L0299,2019,Ontario Library Service - North,Contracting LSB,P.O. Box 62 ,,Rossport,Ontario,P0T2R0,,0,0,0,0,0,0,0,0,0
Russell,L0300,2019,Southern Ontario Library Service,Public or Union Library,1053 Concession 280 ,1053 Concession 280 ,Russell,Ontario,K4R1E1,www.russellbiblio.com,"7,884","20,321","22,188",0,"42,509","79,423","6,803",39,"86,265"
Sables-Spanish Rivers Twp,L0303,2019,Ontario Library Service - North,Public or Union Library,185 Grove P.O. Box 40 ,185 Grove Street ,Massey,Ontario,P0P1P0,Http://www.masseylibrary.com,"1,444","13,085",306,0,"13,391",0,0,0,0
Sachigo Lake FN,L1084,2019,Ontario Library Service - North,First Nations Library,General Delivery ,,Sachigo Lake,Ontario,P0V2P0,,75,"11,500",0,10,"11,510",0,0,0,0
Sagamok Anishnawbek FN,L0432,2019,Ontario Library Service - North,First Nations Library,Box 610 ,,Massey,Ontario,P0P1P0,,93,"3,570",0,0,"3,570",0,0,0,0
Saugeen FN,L0415,2019,Southern Ontario Library Service,First Nations Library,"GMB # 3, Site #3 ",812 French Bay Road ,Southampton,Ontario,N0H2L0,,196,"14,220",10,26,"14,256",0,0,0,0
Sault Ste. Marie,L0191,2019,Ontario Library Service - North,Public or Union Library,50 East Street ,50 East Street ,Sault Ste. Marie,Ontario,P6A3C3,www.ssmpl.ca,"18,757","88,038","3,533",595,"92,166","81,612",613,39,"82,264"
Schreiber Twp,L0301,2019,Ontario Library Service - North,Public or Union Library,314 Scotia Street P.O. Box 39 ,314 Scotia Street ,Schreiber,Ontario,P0T2S0,www.schreiberlibrary.ca,533,"10,777",150,0,"10,927","79,423",613,39,"80,075"
Scugog Memorial,L0304,2019,Southern Ontario Library Service,Public or Union Library,P.O. Box 1049 ,231 Water Street ,Port Perry,Ontario,L9L1A8,www.scugoglibrary.ca,"6,487","41,832",601,0,"42,433","82,191",619,41,"82,851"
Seguin Twp,L0321,2019,Ontario Library Service - North,Public or Union Library,15 Humphrey Street ,15 Humphrey Street ,Seguin,Ontario,P2A2W8,www.seguinpubliclibraries.ca,"2,726","32,100",0,0,"32,100","79,423",613,39,"80,075"
Seine River FN,L0416,2019,Ontario Library Service - North,First Nations Library,P.O. Box 129 ,Learning Centre Road ,Seine River FN,Ontario,P0W1H0,,23,"8,406",0,0,"8,406",0,0,0,0
Selwyn,L0309,2019,Southern Ontario Library Service,Public or Union Library,P.O. Box 500 ,836 Charles Street ,Bridgenorth,Ontario,K0L1H0,www.MyPublicLibrary.ca,"5,008","45,763",324,0,"46,087","80,159",613,39,"80,811"
Serpent River FN,L0417,2019,Ontario Library Service - North,First Nations Library,49 Village Road  P.O. Box 16 ,,Cutler,Ontario,P0P1B0,www.serpentriverfn.ca,15,"3,885",0,0,"3,885",0,0,0,0
Severn Township Library,L0258,2019,Southern Ontario Library Service,Public or Union Library,31 Coldwater Rd. Box 278 ,31 Coldwater Road ,Coldwater,Ontario,L0K1E0,http:// www.coldwater.library.on.ca/,852,"14,889",0,0,"14,889","92,678",759,414,"93,851"
Shelburne,L0075,2019,Southern Ontario Library Service,Public or Union Library,201 Owen Sound St. ,201 Owen Sound St. ,Shelburne,Ontario,L9V3L2,www.shelburnelibrary.ca,"4,407","33,356",401,36,"33,793","79,423",613,39,"80,075"
Sheshegwaning FN,L0419,2019,Ontario Library Service - North,First Nations Library,1125 Sheshegwaning Road ,1125 Sheshegwaning Road ,Sheshegwaning,Ontario,P0P1X0,www.olsn.ca/sheshegwaning/,50,"2,050",0,60,"2,110",0,0,0,0
Simcoe County Co-operative,L0307,2019,Southern Ontario Library Service,"County, County co-operative or Regional Municipality Library",1110 HWY 26 ,1110 HWY 26 ,Midhurst,Ontario,L0L1X0,http://www.simcoe.ca/dpt/lib,696,"17,493",0,"2,490","19,983","13,256",146,375,"13,777"
Sioux Lookout,L0031,2019,Ontario Library Service - North,Public or Union Library,P.O. Box 1028 ,21 Fifth Avenue ,Sioux Lookout,Ontario,P8T1B3,http://www.slpl.on.ca,"1,709","22,300",324,0,"22,624","79,423",613,39,"80,075"
Sioux Narrows Nestor Falls Twp,L0308,2019,Ontario Library Service - North,Public or Union Library,P.O. Box 119 ,Hwy 71 ,Sioux Narrows,Ontario,P0X1N0,,557,"7,327",0,0,"7,327",168,0,0,168
Six Nations FN,L0420,2019,Southern Ontario Library Service,First Nations Library,P.O. Box 149 ,1679 Chiefswood Road ,Ohsweken,Ontario,N0A1M0,www.snpl.ca,"3,986","22,647",0,0,"22,647","79,423",613,39,"80,075"
Smiths Falls,L0209,2019,Southern Ontario Library Service,Public or Union Library,81 Beckwith Street North ,,Smiths Falls,Ontario,K7A2B9,www.smithsfallslibrary.ca,"4,095","38,841",725,0,"39,566","85,070",613,26,"85,709"
South Algonquin Twp,L0311,2019,Ontario Library Service - North,Public or Union Library,Post Street P.O. Box 208 ,Post Street P.O. Box 208 ,Whitney,Ontario,K0J2M0,www.olsn.ca/southalgonquin,250,"11,314",75,0,"11,389","79,423",613,39,"80,075"
South River-Machar Union,L0312,2019,Ontario Library Service - North,Public or Union Library,P.O. Box 190 ,63 Marie Street ,South River,Ontario,P0A1X0,http://www.olsn.ca/srmupl,600,"8,134",4,0,"8,138","79,423",613,36,"80,072"
Southgate Twp.,L0332,2019,Southern Ontario Library Service,Public or Union Library,Box 190 ,80 Proton St. N. ,Dundalk,Ontario,N0C1B0,www.southgate-library.com,"2,706","20,293",44,0,"20,337","79,447",613,39,"80,099"
Spanish Twp,L0381,2019,Ontario Library Service - North,Public or Union Library,8 Trunk Road P.O. Box 329 ,8 Trunk Road ,Spanish,Ontario,P0P2A0,www.town.spanish.on.ca/pages/library.asp,145,"5,804",194,0,"5,998","79,423",613,39,"80,075"
Springwater Twp,L0259,2019,Southern Ontario Library Service,Public or Union Library,12 Finlay Mill Rd. ,12 Finlay Mill Road ,Midhurst,Ontario,L9X0N7,http://www.springwater.library.on.ca,"7,601","34,335",494,6,"34,835","12,701",147,374,"13,222"
St. Catharines,L0025,2019,Southern Ontario Library Service,Public or Union Library,54 Church Street ,,St. Catharines,Ontario,L2R7K2,http://www.stcatharines.library.on.ca,"59,499","192,820","2,314",717,"195,851","11,864",0,0,"11,864"
St. Charles,L0313,2019,Ontario Library Service - North,Public or Union Library,P.O. Box 40 ,"22 St Anne St, Fabien Gauthier Business Ctr ",St. Charles,Ontario,P0M2W0,www.olsn.ca/stcharles,305,"7,117","2,753",0,"9,870",97,0,0,97
St. Joseph Twp,L0314,2019,Ontario Library Service - North,Public or Union Library,1240 Richards Street P.O. Box  9 ,1240 Richards Street ,Richards Landing,Ontario,P0R1J0,http://www.olsn.ca/stjoseph/,"1,478","9,122",32,8,"9,162","79,423",613,39,"80,075"
St. Marys Public Library,L0271,2019,Southern Ontario Library Service,Public or Union Library,15 Church St. N. P.O. Box 700 ,15 Church St. North ,St. Marys,Ontario,N4X1B4,www.stmarys.library.on.ca,"2,735","28,750",0,0,"28,750","37,243",194,252,"37,689"
St. Thomas,L0315,2019,Southern Ontario Library Service,Public or Union Library,153 Curtis Street ,,St. Thomas,Ontario,N5P3Z7,www.st-thomas.library.on.ca,"13,537","73,672","1,765",741,"76,178","88,156",656,45,"88,857"
Stirling-Rawdon,L0318,2019,Southern Ontario Library Service,Public or Union Library,P.O. Box 730 ,43 West Front St. ,Stirling,Ontario,K0K3E0,www.stirlinglibrary.com,"1,005","22,982",131,0,"23,113","79,423",613,39,"80,075"
"Stormont, Dundas & Glengarry County",L0319,2019,Southern Ontario Library Service,"County, County co-operative or Regional Municipality Library",26 Pitt Street ,,Cornwall,Ontario,K6J3P2,www.sdglibrary.ca,"10,057","55,151","5,084",0,"60,235","9,912",153,0,"10,065"
Stratford,L0269,2019,Southern Ontario Library Service,Public or Union Library,19 St. Andrew Street ,19 St. Andrew Street ,Stratford,Ontario,N5A1A2,www.stratford.library.on.ca,"8,582","66,388","1,757",109,"68,254","47,602",194,252,"48,048"
Sundridge-Strong Union,L0284,2019,Ontario Library Service - North,Public or Union Library,110 Main Street P.O. Box 429 ,110 Main Street ,Sundridge,Ontario,P0A1Z0,http://sundridge.olsn.ca,589,"10,051",25,0,"10,076","143,430","3,006","1,460","147,896"
Tarbutt & Tarbutt Additional Twp,L0341,2019,Ontario Library Service - North,Contracting Municipality,27 Barr Road R.R. #1 ,27 Barr Road ,Desbarats,Ontario,P0R1E0,www.tarbutttownship.com,0,0,0,0,0,0,0,0,0
Tay Twp,L0342,2019,Southern Ontario Library Service,Public or Union Library,Albert Street P.O. Box 158 ,145 Albert Street ,Victoria Harbour,Ontario,L0K2A0,www.tay.library.on.ca,"2,177","29,827",55,0,"29,882","13,255",146,375,"13,776"
Tehkummah Twp,L0343,2019,Ontario Library Service - North,Public or Union Library,456 Hwy 542A ,456 Hwy 542A ,Tehkummah,Ontario,P0P2C0,tehklib@yahoo.ca,461,"14,000",0,0,"14,000",0,0,0,0
Temagami,L0021,2019,Ontario Library Service - North,Public or Union Library,"7 Lakeshore Drive, Welcome Centre P.O. Box 220 ","7 Lakeshore Drive, Welcome Centre ",Temagami,Ontario,P0H2H0,www.temagami.library.on.ca,271,"7,677",14,0,"7,691","79,423",613,39,"80,075"
Temagami FN,L0439,2019,Ontario Library Service - North,First Nations Library,General Delivery ,,Bear Island,Ontario,P0H1C0,www.temagamifirstnation.ca,127,"3,348",7,10,"3,365",0,0,0,0
Temiskaming Shores,L1037,2019,Ontario Library Service - North,Public or Union Library,P. O. Box 2090 ,545 Lakeshore Rd. ,Haileybury,Ontario,P0J1K0,www.temisklibrary.com,"2,111","24,841","6,397",0,"31,238","80,469","6,803",39,"87,311"
Terrace Bay Twp,L0344,2019,Ontario Library Service - North,Public or Union Library,13 Selkirk Avenue P.O. Box 369 ,13 Selkirk Avenue ,Terrace Bay,Ontario,P0T2W0,terracebay.library.on.ca,953,"13,500",462,0,"13,962","79,423",613,39,"80,075"
The Blue Mountains,L0065,2019,Southern Ontario Library Service,Public or Union Library,P.O. Box 580 ,173 Bruce Street South ,Thornbury,Ontario,N0H2P0,www.thebluemountainslibrary.ca,"3,201","25,522",314,0,"25,836","80,225",613,39,"80,877"
Thessalon,L0346,2019,Ontario Library Service - North,Public or Union Library,187 Main Street P.O. Box 549 ,187 Main Street ,Thessalon,Ontario,P0R1L0,www.thesslibcap.com,495,"13,425",20,0,"13,445","79,423",613,39,"80,075"
Thessalon FN,L0422,2019,Ontario Library Service - North,First Nations Library,40 Sugarbush Rd. R.R. #2  ,,Thessalon,Ontario,P0R1L0,,160,"1,868",0,0,"1,868",0,0,0,0
"Thornloe, Village of",L0347,2019,Ontario Library Service - North,Contracting Municipality,P.O. Box 546 ,35 Tenth Street ,Earlton,Ontario,P0J1E0,www.armstrongtownship.com,0,0,0,0,0,0,0,0,0
Thorold,L0348,2019,Southern Ontario Library Service,Public or Union Library,14 Ormond Street North ,,Thorold,Ontario,L2V1Y8,www.thoroldpubliclibrary.ca,"10,464","77,652",416,439,"78,507","89,741",613,39,"90,393"
Thunder Bay,L0349,2019,Ontario Library Service - North,Public or Union Library,285 Red River Road ,285 Red River Road ,Thunder Bay,Ontario,P7B1A9,www.tbpl.ca,"25,744","159,025","3,667","2,415","165,107","79,558",613,"2,640","82,811"
Timmins,L0351,2019,Ontario Library Service - North,Public or Union Library,320 Second Avenue ,,Timmins,Ontario,P4N8A4,http://tpl.timmins.ca,"13,497","92,503","28,549",0,"121,052","81,974","6,803",39,"88,816"
Tiny Twp,L0352,2019,Southern Ontario Library Service,Contracting Municipality,130 Balm Beach Rd w ,130 Balm Beach Road West ,Perkinsfield,Ontario,L0L2J0,www.tiny.ca,0,0,0,0,0,0,0,0,0
Toronto,L0353,2019,Toronto,Public or Union Library,789 Yonge Street ,,Toronto,Ontario,M4W2G8,www.torontopubliclibrary.ca,"929,387","3,713,666","59,145","191,022","3,963,833","239,166","4,169","6,584","249,919"
Trent Hills,L0500,2019,Southern Ontario Library Service,Public or Union Library,P.O. Box 509 ,98 Bridge St. E. ,Campbellford,Ontario,K0L1L0,trenthillslibrary@trenthills.ca,"6,931","44,525",32,0,"44,557","79,423",613,39,"80,075"
Trent Lakes,L0159,2019,Southern Ontario Library Service,Public or Union Library,5 George Street P.O. Box 10 ,5 George Street ,Buckhorn,Ontario,K0L1J0,www.trentlakeslibrary.ca,"3,015","15,326",89,27,"15,442","79,429",613,39,"80,081"
Tudor & Cashel Twp,L0450,2019,Southern Ontario Library Service,Public or Union Library,Box 430  R R 2 ,371 Weslemkoon Lake Road ,Gilmour,Ontario,K0L1W0,www.tudorandcashellibrary@yahoo.ca,194,"6,334",124,0,"6,458",0,0,0,0
Tweed,L0355,2019,Southern Ontario Library Service,Public or Union Library,P.O. Box 628 ,230 Metcalf Street ,Tweed,Ontario,K0K3J0,www.tweedlibrary.ca,"1,597","17,479",0,0,"17,479","79,423",613,39,"80,075"
Tyendinaga Twp,L0339,2019,Southern Ontario Library Service,Public or Union Library,852 Melrose Road ,,Shannonville,Ontario,K0K3A0,www.ttpl.ca,735,"24,690",193,4,"24,887","79,423",613,39,"80,075"
Uxbridge Twp,L0356,2019,Southern Ontario Library Service,Public or Union Library,P.O. Box 279 ,9 Toronto Street South ,Uxbridge,Ontario,L9P1P7,http://www.uxlib.com,"8,258","52,693",694,0,"53,387","79,423",613,39,"80,075"
Val Rita-Harty Twp,L0357,2019,Ontario Library Service - North,Public or Union Library,106 Government Road C.P. 69 ,106 Government Rd ,Val Rita,Ontario,P0L2G0,http://valrita.olsn.ca,171,"3,216","6,810",0,"10,026",0,"5,828",0,"5,828"
Vaughan,L0359,2019,Southern Ontario Library Service,Public or Union Library,2191 Major Mackenzie Drive ,2191 Major Mackenzie Drive ,Vaughan,Ontario,L6A4W2,www.vaughanpl.info,"147,005","171,417","13,508","29,245","214,170","12,877",0,87,"12,964"
Wabauskang FN,L1101,2019,Ontario Library Service - North,First Nations Library,P.O. Box 339 ,P0 Box 339 ,ear falls,Ontario,P0V1T0,www to be added,25,"1,050",0,0,"1,050",0,0,0,0
Wahta Mohawk FN,L0453,2019,Southern Ontario Library Service,First Nations Library,Box 260 ,2664 Muskoka Road 38 ,Bala,Ontario,P0C1A0,,36,"7,200",0,0,"7,200","79,423",613,39,"80,075"
Wainfleet Twp,L0362,2019,Southern Ontario Library Service,Public or Union Library,P.O. Box 118 ,31909 Park Street ,Wainfleet,Ontario,L0S1V0,www.wainfleetlibrary.ca,"2,219","24,291",79,0,"24,370","83,259",613,39,"83,911"
Wasaga Beach,L0364,2019,Southern Ontario Library Service,Public or Union Library,120 Glenwood Drive ,120 Glenwood Drive ,Wasaga Beach,Ontario,L9Z2K5,http://www.wasagabeach.library.on.ca,"5,030","21,073",27,0,"21,100","13,255",146,375,"13,776"
Wasauksing FN,L0423,2019,Ontario Library Service - North,First Nations Library,: P.O. Box 250 ,1508 Lane G Geewadin Rd ,Parry Sound,Ontario,P2A2X4,librarian@wasauksing.ca,346,"9,994",0,129,"10,123","82,191",619,41,"82,851"
Waterloo City,L0365,2019,Southern Ontario Library Service,Public or Union Library,35 Albert Street ,,Waterloo,Ontario,N2L5E2,www.wpl.ca,"62,265","226,171","7,876","5,203","239,250","38,260","6,397",311,"44,968"
Waterloo Region,L0270,2019,Southern Ontario Library Service,"County, County co-operative or Regional Municipality Library",150 Frederick Street 2nd Floor ,2017 Nafziger Road ,Baden,Ontario,N3A3H4,www.rwlibrary.ca,"15,962","90,232",570,116,"90,918","71,600",493,"1,345","73,438"
Wawa,L0178,2019,Ontario Library Service - North,Public or Union Library,40 Broadway Avenue P.O. Box 1730 ,40 Broadway Ave ,Wawa,Ontario,P0S1K0,www.mtpl.on.ca,560,"13,298",929,0,"14,227","79,423",613,39,"80,075"
Welland,L0366,2019,Southern Ontario Library Service,Public or Union Library,50 The Boardwalk ,50 The Boardwalk ,Welland,Ontario,L3B6J1,http://www.wellandlibrary.ca,"11,550","90,708","12,083",493,"103,284","79,978","6,803",39,"86,820"
Wellington County,L0367,2019,Southern Ontario Library Service,"County, County co-operative or Regional Municipality Library",190 St Andrew St. W ,190 St Andrew St. W ,Fergus,Ontario,N1M1N5,http://www.wellington.ca/Library,"26,713","114,277","1,223",416,"115,916","80,088",613,39,"80,740"
West Grey Twp,L0336,2019,Southern Ontario Library Service,Public or Union Library,240 453 Garafraxa St S. ,240 453 Garafraxa St S. ,Durham,Ontario,N0G1R0,www.westgreylibrary.com,"2,046","21,645",402,0,"22,047","79,423",613,39,"80,075"
West Lincoln Twp,L0370,2019,Southern Ontario Library Service,Public or Union Library,P.O. Box 28 ,177 West Street ,Smithville,Ontario,L0R2A0,http://www.westlincolnlibrary.ca,"2,203","33,236",99,0,"33,335","79,423",613,39,"80,075"
West Nipissing,L0371,2019,Ontario Library Service - North,Public or Union Library,225 Holditch St Suite 107 ,225 Holditch St Suite 107 ,Sturgeon Falls,Ontario,P2B1T1,www.wnpl.ca,"3,853","22,789","14,726",0,"37,515",339,91,41,471
West Perth,L0372,2019,Southern Ontario Library Service,Public or Union Library,P.O. Box 100 ,105 St. Andrew St. ,Mitchell,Ontario,N0K1N0,http://www.westperth.library.on.ca,"1,691","14,643",141,0,"14,784","74,486",388,504,"75,378"
Westport,L0374,2019,Southern Ontario Library Service,Public or Union Library,P.O. Box 28 ,3 Spring St ,Westport,Ontario,K0G1X0,http://village.westport.on.ca/about-westport/westport-public-library,260,"15,904",0,0,"15,904","79,423",613,39,"80,075"
Whitby,L0027,2019,Southern Ontario Library Service,Public or Union Library,405 Dundas Street West ,405 Dundas Street West ,Whitby,Ontario,L1N6A1,www.whitbylibrary.ca,"47,914","140,562","6,495","4,278","151,335","19,193",0,0,"19,193"
Whitchurch-Stouffville,L0148,2019,Southern Ontario Library Service,Public or Union Library,2 Park Drive ,2 Park Drive ,Stouffville,Ontario,L4A4K1,www.wsplibrary.ca.,"17,664","71,010","4,037","4,921","79,968","107,593",0,11,"107,604"
White River Twp,L0375,2019,Ontario Library Service - North,Public or Union Library,P.O. Box 458 ,123 Superior Street ,White River,Ontario,P0M3G0,www.whiteriverlibrary.com,491,"13,620",394,0,"14,014","79,423",613,39,"80,075"
Whitefish River FN,L0425,2019,Ontario Library Service - North,First Nations Library,52 Bay of Islands Road ,52 Bay of Islands Road ,Birch Island,Ontario,P0P1A0,www.whitefishriver.ca,30,"2,795",1,0,"2,796",0,0,0,0
Whitestone-Hagerman Memorial,L0377,2019,Ontario Library Service - North,Public or Union Library,General Delivery ,2206  Highway 124 ,Dunchurch,Ontario,P0A1G0,www.olsn.ca/whitestonelibrary,"1,352","4,571",44,0,"4,615","79,423",613,39,"80,075"
Whitewater Region,L0482,2019,Southern Ontario Library Service,Public or Union Library,20 Cameron Street P.O. Box 159 ,20 Cameron Street 159 ,Beachburg,Ontario,K0J1C0,http://libraries.whitewaterregion.ca/,"1,725","29,752",234,0,"29,986","79,423",613,39,"80,075"
Wikwemikong FN,L0426,2019,Ontario Library Service - North,First Nations Library,34-A Henry Street ,34 Henry Street ,Wikwemikong,Ontario,P0P2J0,wikwemikong.olsn.ca,409,"8,779",1,0,"8,780",27,0,0,27
Windsor,L0378,2019,Southern Ontario Library Service,Public or Union Library,850 Ouellette Avenue ,,Windsor,Ontario,N9A4M9,www.windsorpubliclibrary.com,"89,393","147,925","6,039","8,579","162,543","17,272",162,0,"17,434"
Wollaston,L0380,2019,Southern Ontario Library Service,Public or Union Library,Hwy 620 P.O. Box 280 ,2149 Hwy 620 ,Coe Hill,Ontario,K0L1P0,www.wollastonpubliclibrary.ca,307,"5,435",45,3,"5,483","79,423",613,39,"80,075"
Woodstock,L0379,2019,Southern Ontario Library Service,Public or Union Library,445 Hunter Street ,,Woodstock,Ontario,N4S4G7,www.woodstock.library.on.ca,"12,361","70,968",704,10,"71,682","80,018",613,39,"80,670"
